id,code,name,rating
1,1,KJ Yesudas,82.8
2,2,KS Chithra,81.7
3,6,Kaithapram,67.54
4,8,V Dakshinamoorthy,97
5,13,MG Sreekumar,48
6,15,P Jayachandran,69.72
7,22,Biju Narayanan,66.75
8,23,Unni Menon,48.67
9,27,Jyotsna Radhakrishnan,71.2
10,28,Afsal,68.38
11,47,Madhu,53.5
12,49,Sheela,59.49
13,51,Sukumari,66.04
14,53,Srividya,69.9
15,54,Mohanlal,63.57
16,55,Mammootty,66.31
17,56,Jagathy Sreekumar,61.77
18,57,Innocent,70.69
19,58,Ouseppachan,57.88
20,59,M Jayachandran,67.88
21,68,Berny Ignatius,66.75
22,78,Dileep,71.82
23,79,Jayaram,66.74
24,80,Suresh Gopi,63.41
25,81,Mukesh,59.49
26,83,Prithviraj,74.86
27,84,Kavya Madhavan,75.05
28,85,Shobhana,83.6
29,86,Urvasi,58.8
30,87,Meera Jasmine,58.15
31,88,Biju Menon,68.07
32,89,Manoj K Jayan,59.15
33,90,Thilakan,60.09
34,91,Kaviyoor Ponnamma,67.55
35,92,KPAC Lalitha,63.7
36,94,Nedumudi Venu,63.77
37,97,Vineeth Sreenivasan,73.6
38,98,Venu Nagavally,67.71
39,101,A Jayan,59.76
40,108,Abhishek,62.25
41,122,Ajay Sathyan,53.4
42,125,Ajith,46.27
43,133,Akhila,89.8
44,140,Alex Kayyalaykkal,37.95
45,155,Ambilikkuttan,52.5
46,161,Anand,83.6
47,168,Anil Panachooran,68.28
48,176,Anjali,36.4
49,181,Master Akash,74.52
50,185,Anu,52.44
51,191,Anupama,84.55
52,196,Anushka,31
53,197,Anwar Sadath,70
54,212,Arun Gopan,8
55,216,Rayjan Rajan,42.63
56,220,Asha Jayaram,75.68
57,226,Ashokan,50.58
58,229,Ashwathy,35.17
59,231,Arun,61.79
60,233,Athira,60.04
61,256,Balachandra Menon,71.19
62,257,Balachandran Chullikkad,58.57
63,267,Balu,16
64,273,Beena Kumbalangi,81.07
65,281,Bhagyanath,67.68
66,286,Bhavana,75.21
67,295,Bijibal,79.12
68,311,BR Prasad,88.35
69,322,Paris Laxmi,78.76
70,340,Devi,40
71,346,Chithra Iyer,48.56
72,352,CJ Kuttappan,71.38
73,385,V Devanand,77.43
74,389,Dhanya,32.4
75,395,Divya,34.2
76,410,Indulekha Warrier,72.8
77,440,Freddy,65.49
78,462,PC George,51.8
79,489,Sooraj S Kurup,72.67
80,493,Harikeshan Thampi ,57.04
81,499,Hariharan,36
82,518,Indrajith,74.89
83,551,Jayaraj,90
84,582,Joji,59.65
85,586,Jose,53.47
86,588,Jose Prakash,80.28
87,633,Kaithapram Viswanath,17.2
88,636,Kalabhavan Mani,63.18
89,637,Kalabhavan Navas,57.7
90,639,Kaladharan (Kala Adoor),87
91,650,Kalpana,56.59
92,655,Kamalahasan,63
93,673,Karthika,71.25
94,710,Palakkadu KL Sreeram,42.75
95,725,Kottayam Santha,90.24
96,735,Krishnachandran,64.04
97,736,Krishna Kumar (KK),62.81
98,763,Lakshmi,68.73
99,811,Mejo Joseph,96
100,825,Manikandan,52.2
101,829,Manisha Sheen,96
102,832,Manju Thomas,66.75
103,840,Manoj,54.05
104,860,Meera,34.2
105,869,Mini,42.08
106,882,Mohan Sharma,63.36
107,888,Monu,37.5
108,904,Mullanezhi,60.8
109,907,Murali,78.13
110,909,Murali Krishna,39.82
111,912,Murukan Kattakkada,32.8
112,924,Bhavani Prasad,93
113,926,Nadirsha,66.53
114,944,Nedumudi Harikumar,42.75
115,951,Nikhil K Menon,57.51
116,1011,Pappan,80
117,1043,Piyush Soni,89.3
118,1067,Pradeep,25.77
119,1086,Prasanna,43.2
120,1095,Prem Prakash,68.49
121,1098,Premkumar,55.25
122,1101,Priyadarshan,50.7
123,1124,Asin Thottunkal,88.35
124,1129,Radhika,55.8
125,1137,Rahul Rajwi,49.05
126,1144,Rajyalakshmi,70.29
127,1147,Rajamani,80.99
128,1151,Rajasenan,20.1
129,1168,Rajmohan,41
130,1198,Ranjini Jose,63.78
131,1200,Ranjith,74.81
132,1206,Ratheesh,86.5
133,1213,Ravi Vallathol,65.85
134,1222,Rekha,69.75
135,1224,Renji Panicker,63.88
136,1233,Rimi Tomy,66.41
137,1242,Rohini,70.37
138,1297,Sangeetha,58.88
139,1312,Santhosh,62.49
140,1356,Shaan,30
141,1357,Shaan Rahman,61.92
142,1359,Shabnam,86.4
143,1360,Shahabaz Aman,68.86
144,1396,Shyamaprasad,63.96
145,1408,Sindhu,76.47
146,1413,Sithara,50.4
147,1414,Sithara Krishnakumar,74.82
148,1433,Sneha,66.5
149,1434,Sohan Lal,70.04
150,1436,Soniya,42.64
151,1442,Soorya Kiran,44.55
152,1446,Soumya,56.92
153,1455,Sreekanth,66.7
154,1459,Sreelatha Namboothiri,55.65
155,1463,Sreenivasan,66.67
156,1476,Suchithra Murali,89.3
157,1494,Sumesh,89.3
158,1501,Sunil Viswachaithanya,49.5
159,1509,Suraj Venjaramoodu,55.4
160,1531,Rasna Pavithran,53.17
161,1534,TA Razzaq,65.51
162,1543,Padmaraj Ratheesh,58.05
163,1544,Thankachan,34.2
164,1559,Thomas Berly,70.52
165,1580,TR Omana,64.5
166,1601,Unnikrishnan,66.5
167,1635,Vandana Menon,66.35
168,1645,Varun J Thilak,9
169,1651,Vasundhara Das,81.13
170,1654,VD Rajappan,24.7
171,1665,Vidya,51.75
172,1671,Vijay Yesudas,30
173,1678,Vijeesh,72.76
174,1692,George Cheriyan,62.25
175,1697,Vipin,78.96
176,1698,Vipin Mohan,52.5
177,1701,Vishnu,69.68
178,1725,Suresh (80s),41.25
179,1733,Zero Babu,84.55
180,1752,AK Sajan,58.29
181,1765,Aashiq Abu,83.25
182,1771,Baburaj,71.36
183,1773,Aji John,72
184,1775,Ajmal Ameer,58.92
185,1776,Ajai Vasudev,77.4
186,1783,Alleppey Ashraf,40.1
187,1792,Anil,48
188,1822,Archana Susheelan,43.44
189,1826,B Unnikrishnan,50.7
190,1838,Baiju,63.15
191,1848,Bhadran,44.37
192,1849,Bharath,57.42
193,1851,Bharath Gopi,67.96
194,1853,Bharathi,45
195,1856,Bhaskar,34.2
196,1859,Biju,68.35
197,1862,Biju Varkey,76.58
198,1865,Blessy,52.5
199,1867,Boban Samuel,63.21
200,1872,CP Padmakumar,76.91
201,1881,Captain Raju,67.82
202,1888,Cochin Haneefa,76.78
203,1895,Das,52.5
204,1901,Deepu Karunakaran,57.75
205,1913,Dr. Biju,66
206,1916,Kathal Dhandapaani,49.8
207,1926,Fazil,77.4
208,1953,Gopalji,75.53
209,1958,Govindankutty Adoor,55.88
210,1960,Hakkim Rawther,77.41
211,1985,JD Chakravarthy,72.18
212,1994,James,79.03
213,2003,Jayasurya,61.4
214,2007,Jeethu Joseph,66.58
215,2013,Johny Antony,72.23
216,2026,Joshy Mathew,61.56
217,2028,Joy,89.3
218,2034,K Madhu,48.36
219,2059,KB Madhu,28.86
220,2061,KG George,40
221,2065,Virginia Rodriguez,55.9
222,2098,Mini Richard,35.2
223,2103,Kannan,57.75
224,2117,Krish,30
225,2128,Lal,64.19
226,2129,Lal Jose,70.15
227,2134,Lijo Jose Pellissery,72.04
228,2136,Lohithadas,69.92
229,2141,Orma Bose,81.78
230,2146,MA Nishad,47.36
231,2153,MG Sasi,57.13
232,2165,Bilas Nair,51.9
233,2167,MS Gupta,52
234,2174,Madhupal,61.62
235,2175,Mahesh,63.98
236,2179,Majeed,59.78
237,2181,Major Ravi,70.92
238,2186,Mani C Kappan,55.22
239,2191,Hari Narayanan,67.34
240,2192,Martin Prakkat,70.98
241,2208,Mukundan,59.45
242,2217,Ajay Natrraj,63.2
243,2220,Sooryakanth,44.55
244,2233,Nasser,59.46
245,2246,Sudhi Kopa,65.32
246,2261,Sharafudeen,68.46
247,2266,P Sreekumar,61.31
248,2268,P Sukumar (Kiran),83.32
249,2269,P Vasu,90.25
250,2293,Leena Antony,76.75
251,2330,Prathap Pothen,60.38
252,2334,Priyanandanan,59.99
253,2357,Rafi,75.89
254,2358,Raghavan,64.96
255,2372,Rajan P Dev,67.66
256,2375,Rajasekhar,66.74
257,2403,Boss Venkat,57.67
258,2405,Ranjith Shankar,77.9
259,2420,Revathy,71.59
260,2425,Rosshan Andrrews,71.38
261,2441,Ashwin Mathew,62.86
262,2465,Saji Surendran,24.91
263,2468,Salim Baba,70.5
264,2478,Sanjay,65.14
265,2488,Sarathchandran Wayanad,60.59
266,2498,Satheesh Pothuval,74.7
267,2518,Shobi Thilakan,56.26
268,2520,Shanker,51.39
269,2526,KK Sudhakaran,45.12
270,2533,Sibi Malayil,82.65
271,2534,Siddique,65.15
272,2539,Siva,69.66
273,2545,Sohan Seenulal,66.68
274,2561,Kaviraj,74.88
275,2565,PP Subair,70.52
276,2583,Suresh Krishna,64.41
277,2585,Suresh Menon,23.4
278,2611,TV Chandran,72.89
279,2617,Thampi Kannanthanam,52.8
280,2618,Thejas Perumanna,55.04
281,2625,Thulasidas,28.7
282,2637,Zarina Wahab,60.82
283,2649,VK Prakash,71.26
284,2651,VM Vinu,48.14
285,2653,Vishnu Priyan,72.8
286,2665,Vaisakh,72.21
287,2679,Vijay Menon,61
288,2680,Vijay P Nair,30
289,2687,Viji Thampy,57.5
290,2688,Vikram,81.78
291,2717,Laila,89.3
292,2731,D Philip,92.16
293,2732,Venu Nariyapuram,41.04
294,2735,Dr Rony David,69.67
295,2736,Prajin,48.75
296,2739,Sanju Sivaram,56.74
297,2740,Sakshi Sharma,32.8
298,2744,John Paul,64.67
299,2746,Master Sanoop Santhosh,60.88
300,2761,Praveen Prem,56.68
301,2762,Navaneeth Madhav,52.92
302,2763,Meghna Nair,57.62
303,2766,Ashok Raj,32
304,2768,Noushad,66.75
305,2771,Jayan Mangalamkunnu,84.6
306,2773,Ahaana Krishna,71.38
307,2776,Adwaith Jayasurya,69.82
308,2778,SP Sreekumar,55.4
309,2779,Sandra Saimon,43.2
310,2781,Jaise Jose,59.36
311,2784,Chithra Shenoy,76.52
312,2788,Baburaj Kalambooru,66.22
313,2798,Aarya Rohit,63.1
314,2799,Kainat Arora,55.76
315,2806,Tony,50.42
316,2813,Anu Joseph,73.13
317,2823,Shilpa Raj,77.9
318,2825,Deepak Parambol,71.06
319,2826,Eloor George,70.1
320,2831,Bibin George,69.65
321,2864,Anoop Ramesh,53.77
322,2871,Riyas Narmakala,38.4
323,2872,Alwin Antony,77.08
324,2895,Manivannan,80.1
325,2896,Paravai Muniyamma,69.15
326,2898,Sidharth (Tamil),59.13
327,2907,Antony Perumbavoor,68.73
328,2908,Santhanam,51.26
329,2913,RajKumar,53.25
330,2927,Basil,55.69
331,2930,Sukanya (New),75.11
332,2944,Sumith Samudra,55.08
333,2957,John Kokken,56.71
334,2962,Rakendu,61.32
335,2965,Baiju Ezhupunna,68.16
336,2980,Arunoday Singh,65.36
337,2985,Biju John,71.38
338,2986,Rana Daggubati,68.54
339,2998,Gouri Krishna,72.75
340,3016,Chandini Sreedharan,76.54
341,3029,Chandrakala (New),67.68
342,3030,Sudheer Paroor,78.26
343,3034,Ponnambalam,84
344,3035,Sudeep,78.26
345,3038,Hareesh Kanaran,63.9
346,3040,Jomon,44.17
347,3041,Prakash Nath,42.33
348,3054,Kumarji Ponnadu,62.56
349,3056,Jude Antony Joseph,68.01
350,3057,Madhan Bob,74.24
351,3060,Aneesh G Menon,66.55
352,3063,Jijesh Menon,32.8
353,3066,Basil Thomas,60.67
354,3069,Vinod Kumar (VK),32.8
355,3072,Thamanna,74.82
356,3074,Unni Thrippunithura,63.96
357,3080,Shruti Ramachandran,70.91
358,3085,Sathi Premji,66.75
359,3091,Balaji Sharma,62.23
360,3115,Nyra Banerjee,48.99
361,3124,Catherine Tressa,55.41
362,3140,Nandhu Madhav,74.88
363,3153,Prasanth Narayanan,47.74
364,3156,Sarath Chandran,78.3
365,3157,Adithya Ayotta,67.24
366,3162,Gilu Joseph,73.21
367,3167,Udaykrishna,74.81
368,3171,Gokulam Gopalan,75.68
369,3175,Sidharth Menon,78.3
370,3178,Divya Pillai,70.52
371,3204,Nirmal,45.6
372,3205,Kishor,58.15
373,3208,Niranj Suresh,77.43
374,3216,Ashkar Soudan,34.4
375,3231,Nimisha Suresh,46.2
376,3241,Sumesh,43.68
377,3243,Sidhartha Basu,60
378,3245,Vijayan Karanthoor,63.15
379,3254,Jeeva,83.94
380,3255,Anand Bodh,31.2
381,3264,Anjelleena Rosshan,60.75
382,3292,Sreekala Sasidharan,45.11
383,3302,Akhila Kishor,55.76
384,3321,Reenu Mathews,74.18
385,3330,Shaun Romy,71.64
386,3334,Amalda Liz Joseph,80.61
387,3336,Arun Omana Sadanandan,51.84
388,3345,Varalakshmi Sarathkumar,59.13
389,3346,Neha Saxena,65.76
390,3348,Kalaranjini,63.17
391,3349,Nithin Renji Panicker,46.77
392,3379,Kottayam Nazeer,51.51
393,3395,Master Abin,56.7
394,3397,Raj Kapoor,79.62
395,3422,Arvind Venugopal,82.8
396,3434,Rupa Manjari,52.6
397,3442,Kancha Karuppu,74.52
398,3445,MO Devasya,9.84
399,3455,Vishnu Vinay,53.32
400,3461,MS Nazeer,65.8
401,3464,Satheesh Vettikkavala,39.4
402,3468,Vishnu Govind,65.6
403,3473,Sushin Shyam,75.72
404,3489,Maniyanpilla Raju,63.83
405,3494,Jeo Baby,83.52
406,3504,Menaka Sureshkumar,45.15
407,3505,Adam Ayoob,58.29
408,3517,Premji Amaren,74.88
409,3520,Gazal Khan,65.41
410,3524,Sajini Zacharia,66.3
411,3528,Manju Raghavan,36
412,3550,Vijayakumari,61.92
413,3551,Sheelu Abraham,60.23
414,3552,NB Vindhyan,73.6
415,3559,Rugmini,73.6
416,3582,Dhanya Balakrishnan,50.74
417,3600,Zinil Sainudeen,62.91
418,3602,Amala Rose Kurian,76.36
419,3604,Khalid Rahman,79.12
420,3619,Krishna Shankar,68.73
421,3626,Akshara Kishor,55.82
422,3632,Ameer Niyaz,69.42
423,3633,Sruthy Hariharan,63.08
424,3636,Rajeev Kovilakam,81.78
425,3645,Hesham Abdul Wahab,61.92
426,3648,RajeshB,32.8
427,3682,Shaheen Siddique,61.82
428,3689,Balan Parakkal,54.81
429,3692,Janaki Krishnan,72.8
430,3697,Govind Krishna,28
431,3701,Tisca Chopra,77.08
432,3702,Gayathri Suresh,68.8
433,3707,Prakash Bare,59.47
434,3711,Prathapachandran,63.1
435,3731,Kainakari Thangaraj,69.05
436,3746,Master Gourav Menon,56.37
437,3748,Krishnan Balakrishnan,66.49
438,3755,Lakshmipriya Chandramouli,48.8
439,3758,Divya,62.06
440,3772,Gokul Suresh,65.93
441,3774,Pearle Maaney,66.66
442,3776,Abhirami Suresh,61.67
443,3777,Veena Nair,57.94
444,3780,Mareena Michael Kurisingal,70.44
445,3811,Manesh Krishnan,58.88
446,3847,Rahul Dev,58.07
447,3890,Krish J Sathar,52.26
448,3899,Suresh Kurup,55.2
449,3903,Malavika Sai (Malavika Nair),67.51
450,3906,Sasi Ayyanchira,33.21
451,3911,Sathar,63.25
452,3919,Anil Radhakrishnan Menon,70.13
453,3924,Shaji Natesan,74.19
454,3932,CK Padmanabhan,48.95
455,3942,Sashi Kumar,69.24
456,3952,Deepti Sati,73.53
457,3957,Sneha Sreekumar,58.75
458,3959,Basil Joseph ,77.02
459,3965,PC George,30.89
460,3976,Baby Ahana Jagari,48.06
461,3977,Baby Anagha,39.03
462,3980,Minon,57.01
463,3983,Josukutty Valiyakallumkal,57.76
464,3993,Dakshina,38.54
465,3997,Nikhila Vimal,76.84
466,4027,Vipin Atley,82.8
467,4028,G Suresh Kumar,71.26
468,4033,Vayyapuri,63.6
469,4044,Anushka Shetty,72.44
470,4046,Jewel Mary,58.48
471,4049,Poojitha Menon,58.78
472,4054,Chinnu Kuruvila,64.88
473,4081,Yavanika Gopalakrishnan,52.56
474,4086,Tomichan Mulakuppadam,58.48
475,4094,Sijoy Varghese,64.03
476,4117,Sana Altaf,67.73
477,4124,VBK Menon,63.96
478,4129,Thampi Ramayya,22.62
479,4140,Karate Raja,65.86
480,4168,Vijayakumar,66.85
481,4169,Vijayan,71.25
482,4182,Mukesh Khanna,64.8
483,4192,Yamuna,82.8
484,4248,Aina Sebastian,34.02
485,4262,Momi (MK Mohanan),77.66
486,4299,Rema Devi,75.2
487,4305,Sidharth Shiva,62.8
488,4349,Iniya,60.5
489,4395,P Chalapathi Rao,72.09
490,4417,Pradeep Kottayam,58.9
491,4428,Shruthi Raj,56.4
492,4464,Ravi Prakash,30
493,4505,Sekhar,68.4
494,4529,Sujith Vaassudev,72.78
495,4533,Murali Gopy,67.64
496,4534,Suresh,76.75
497,4589,A Sampath,72.21
498,4595,Abbas,54
499,4600,Abhilash,61.12
500,4603,Abhinay,39
501,4604,Abhirami,70.34
502,4605,Abbi (Kalabhavan Abi),62.11
503,4609,Abu Salim,64.42
504,4611,Aby Kunjumon,63.36
505,4616,Adarsh Kumar,46.5
506,4617,Adithyan,64.92
507,4618,Aditi Agarwal,36.8
508,4620,Adoor Bhavani,82.62
509,4622,Adoor Pankajam,83.6
510,4626,Adwaid,52.5
511,4629,Ahuti Prasad,70.43
512,4630,Aishwarya,56.41
513,4631,Ajay Devgan,80.1
514,4632,Ajay Jadeja,48
515,4637,Akash,34.4
516,4638,Akkineni Nageswara Rao,55.61
517,4640,Alakananda,62.25
518,4642,Alencier,67.46
519,4645,Alex Kadavil,65.8
520,4647,Ali,28.9
521,4648,Ali Khan,45
522,4650,Aliyar,63.28
523,4655,Aloor Elsy,41.36
524,4657,Alphy Panjikkaran,73.83
525,4658,Althaf,55.91
526,4659,Alummoodan,60
527,4660,Amal Ashok,37.5
528,4662,Amala Paul,68.53
529,4663,Amalraj,66.42
530,4665,Sruthi Emmanuvel ,26.1
531,4673,Ambareesh,74.82
532,4675,Ambika Devi,41.36
533,4676,Ambika Mohan,60.39
534,4677,Ambika Nair,74.55
535,4678,Ambika Rao,77.38
536,4679,Ambika ,65.66
537,4680,Ambili (1972),42.3
538,4681,Ambili Devi,56.4
539,4682,Ambili Nair,93
540,4685,American Achayan,66.74
541,4688,Amitabh Bachan,69.13
542,4689,Amith,69.92
543,4693,Ammu,88.35
544,4694,Amol Guptha,71.25
545,4698,Amritha,32.8
546,4699,Amrutha Prakash,75.96
547,4700,Anand Michael,36
548,4704,Ananya,48.23
549,4706,Ancy K Thampi,91.18
550,4708,Aneesh,52.91
551,4709,Anita Hassanandani,48
552,4711,Angel,77
553,4714,Anil Murali,63.97
554,4715,Anil Pappan,73.4
555,4716,Anil Vijay,37.5
556,4718,Anila Sreekumar,55.67
557,4720,Anirudh,30
558,4722,Aniyappan,68.57
559,4725,Aanchal Sabharwal,48.75
560,4728,Anju (Baby Anju),86.45
561,4729,Anju Aravind,68.26
562,4731,Ankur Khanna,71.25
563,4732,Ann Augustine,60.71
564,4737,Anoop,55.02
565,4738,Anoop Chandran,53.32
566,4739,Anoop Menon,60.8
567,4741,Sayaji Shinde,47.11
568,4742,Ansh,49.5
569,4743,Anshul,48
570,4744,Ansil,71.33
571,4745,Antara Mali,91.18
572,4750,Anu Anand,54.93
573,4751,Anu Ananthan,24
574,4752,Anu Sasi,59.52
575,4753,Anup Aravindan,24
576,4754,Anuradha,36.75
577,4755,Anusha,77.9
578,4756,Aparna,74.7
579,4757,Aparna Nair,65.86
580,4758,Appa Haja,68.12
581,4761,Aranmula Ponnamma,81.78
582,4762,Arathi (New),60.8
583,4766,Aravi Bekkal,30
584,4767,Aravind,60.26
585,4773,Archana,62.07
586,4774,Archana Kavi,55.85
587,4775,Archana Reddy,78.3
588,4777,Arjun Lal,96
589,4780,Sunil Sukhada,57.67
590,4781,Arun Pandian,76.14
591,4783,Arya,72.77
592,4787,Asha,49.2
593,4789,Asha Paul,68
594,4793,Ashish Vidyarthi,58.68
595,4798,Ashwin Menon,75.72
596,4799,Ashwin Thampi,54
597,4800,Asif Ali,69.03
598,4801,Asil,70.4
599,4805,Mini SK,78.72
600,4808,Atlas Ramachandran,57.55
601,4809,Atul Kulkarni,67.63
602,4810,Augustine,69.99
603,4811,Avanthika Agarkar,38.4
604,4812,Avarachan,9.84
605,4815,KPAC Azeez,81.78
606,4825,BS Saroja,60
607,4826,Babilona,68.4
608,4829,Babu Antony,60.06
609,4833,Babu Namboothiri,67.02
610,4836,Babu Pallassery,72.12
611,4838,Babu Swami,75.45
612,4840,Baby Achu,74.3
613,4843,Baby Akshaya,56.7
614,4845,Baby Ambili,84.55
615,4846,Baby Ammu,85.48
616,4847,Baby Anikha,66.25
617,4848,Anitha (New),89.3
618,4849,Baby Ansu,91.2
619,4858,Baby Diya,64.2
620,4865,Baby Indu,83.7
621,4870,Nazriya Nazim,77
622,4871,Baby Keerthana,62.79
623,4878,Baby Manasa,46.5
624,4879,Manjima Mohan,81.89
625,4881,Baby Meena,67.45
626,4883,Baby Nayanthara,52.82
627,4886,Baby Niveditha,78.46
628,4889,Baby Parvathi,46.5
629,4895,Baby Reena,47.56
630,4896,Baby Rehana,86.8
631,4910,Baby Shahina,75
632,4920,AM Naseer,28.7
633,4935,Baby Veena,8
634,4943,Bahadoor,89.3
635,4945,Baiju Jose,23.31
636,4948,Bala,59.53
637,4950,Bala Meenakshi,68
638,4951,Balachandran,63.62
639,4952,Balaji,70.01
640,4965,Bechu Rahman,18.8
641,4966,Beena Antony,53.2
642,4968,Beena George,72.9
643,4970,Benny,59.34
644,4972,Benpal,61.6
645,4976,Bhagyalakshmi,50.69
646,4980,Bhama,52.64
647,4983,Bhanupriya,79.77
648,4986,Bharathan Njarakkal,64.72
649,4987,Anupama Parameswaran,54.27
650,4988,Natasha Sahgal,72.54
651,4989,Bharathi Vishnuvardhan,84.95
652,4992,Bhasi Thiruvalla,80.85
653,4996,Bheeman Raghu,61.52
654,5001,Bichu,49.5
655,5003,Bijoy,50.47
656,5004,Biju Kodungalloor,84.6
657,5005,Biju Pappan,68.31
658,5006,Bijukkuttan,51.18
659,5008,Bindu,52.59
660,5010,Bindu Krishna,61.38
661,5012,Bindu Murali,64.26
662,5013,Bindu Panicker,70.33
663,5014,Bindu Ramakrishnan,66.8
664,5015,Bindu Varappuzha,47.65
665,5018,Bindya,79.21
666,5019,Bineesh Kodiyeri,59.1
667,5021,Binoy Antony,71.53
668,5024,Boban Alummoodan,68.66
669,5026,Bobby Kottarakkara,49.21
670,5027,Brahmanandam,59.6
671,5031,C Hariharan,61.6
672,5038,CI Paul,66.42
673,5040,CK Babu,56.36
674,5041,CK Girish Kumar,61.6
675,5053,Ceylon Manohar,88
676,5056,Chaithanya,30
677,5057,Chakki Amma,68
678,5059,Chali Pala,60.52
679,5062,Chandni,34.5
680,5064,Chandra Lakshman,74.99
681,5065,Chandrachoodan,68
682,5066,Chandradas,52.5
683,5070,Chandramohan (Telugu),48.38
684,5074,Chandu,43.24
685,5075,Chang Shumin,91.2
686,5079,Charly,48.75
687,5080,Charmi,78.5
688,5081,Charmila,62.68
689,5082,Charuhasan,35.91
690,5083,Charulatha,51.96
691,5085,Chaya Singh,83.33
692,5087,Chempil Ashokan,54.58
693,5088,Cherthala Lalitha,76.15
694,5093,Chippy,72.96
695,5095,Chithra,68.29
696,5096,Chithra Nambiar,50.76
697,5097,John Vijay,74.12
698,5107,Cristy Anil Kumar,68
699,5112,Dalapathi Dinesh,95
700,5115,Damodaran Vadakara,61.6
701,5116,Daniel Balaji,57.13
702,5118,Darsha,52.5
703,5119,Darshan,16
704,5120,Darshana,33.9
705,5122,David Das,70.3
706,5123,Dayal,48.8
707,5125,Deeksha Seth,30
708,5126,Deepa Rahul,85.16
709,5128,Deepan,24
710,5130,Deepika Mohan,67.33
711,5131,Deepthi,26.4
712,5133,Delhi Ganesh,68.36
713,5135,Devaki,18.8
714,5138,Devan,59.5
715,5139,Devan (Nilaavu),52.5
716,5142,Devayani,69.72
717,5144,Devi Ajith,63.25
718,5145,Devi Chandana,55.37
719,5152,Dhananjay,48.94
720,5153,Dhanush,34.2
721,5155,Dhanya Madhavan,49.5
722,5156,Dhanya Mary Varghese,58.02
723,5157,Dhanya Menon,69.71
724,5159,Dharmajan Bolgatty,59.77
725,5162,Dhanyatha,30
726,5164,Dileep Kuttippuram,68
727,5167,Dilroopa,79.21
728,5169,Dinesh Arora,96
729,5170,Dinesh Panicker,56.82
730,5171,Dino Morea,62.95
731,5172,Dinu Dennis,49
732,5175,Divya Unni,67.64
733,5176,Divya Viswanath,65.25
734,5178,Diya,42.91
735,5182,Dr Babu Ramachandran,52.5
736,5189,Dr T Suresh Kumar,65.8
737,5190,Rayan,59.21
738,5193,EA Rajendran,54
739,5201,Elias Babu,48
740,5202,Eliyamma,67.68
741,5204,Eva Pavithran,70.09
742,5205,Lekshmi Rattan,79.8
743,5206,Fahad Fazil,63.3
744,5210,Fathima,78.85
745,5211,Fazal Vilakkudi,60
746,5212,Firoz Khan,48.14
747,5216,GK Pillai,41.64
748,5217,GS Pradeep,43.24
749,5219,Gandhi,34.2
750,5221,Ganesh Kumar,58.57
751,5224,Gautham,40.14
752,5226,Gayathri Priya,66.75
753,5227,Gayathri Raghuram,75.6
754,5228,Gayatri Jayaram,87
755,5229,Geetha,63.2
756,5231,Geetha Nair,66.8
757,5232,Geedha Salam,60.52
758,5233,Geetha Vijayan,49.24
759,5235,Geethu Mohandas,60.91
760,5238,Genelia D\'Souza,76
761,5240,Naji Mohammed Baji,74.52
762,5242,George Njarackal,68
763,5245,Gireesh Perinchery,61.6
764,5246,Giri,61.6
765,5250,Girija Surendran,89
766,5255,Girly,88.32
767,5258,Gomathy Mahadevan,81.59
768,5260,Gopalakrishnan,61.1
769,5261,Gopalan,59.91
770,5263,Gopan Pazhuvil,52.5
771,5266,Gopichand,40
772,5267,Gopika,80.3
773,5269,Gopinath (New),61.6
774,5270,Gowri Munjal,64.01
775,5273,Govind Padmasoorya,62.32
776,5274,Gowri Nanda,59.25
777,5276,Gracy Singh,72.8
778,5282,Hamsavardhan,29.6
779,5283,Hareendranath Iyyadu,61.6
780,5287,Haridasan Master,61.6
781,5289,Harikrishnan,66.26
782,5290,Harikrishnan Menon,71.25
783,5291,Harippad Soman,68.4
784,5292,Haripriya,57.62
785,5293,Haris,70.2
786,5294,Harisanth,44.53
787,5295,Harish Kumar,24
788,5296,Harishree Ashokan,63.8
789,5297,Harishree Martin,43.13
790,5300,Harshan,79.29
791,5303,Hema (New),58.28
792,5307,Hemanth Ravan,85.23
793,5312,Honey Rose,66.94
794,5313,Hrishi,50.76
795,5316,IM Vijayan,58.22
796,5317,Ibrahim Vengara,62.35
797,5318,Ibrahimkutty,42.37
798,5319,Idavela Babu,57.44
799,5325,Indiradevi,96
800,5328,Indraja,75.76
801,5329,Indrans,56.42
802,5334,Irshad,64.13
803,5336,Isha Kopikar,91.2
804,5341,J Pallassery,68.36
805,5343,JAR Anand,65.8
806,5347,JV Somayajulu,81.7
807,5349,Jaffer Idukki,54.77
808,5351,Jagadamma,50.76
809,5352,Jagadish,57.49
810,5353,Jagannadha Varma,55.93
811,5354,Jagannathan,63.48
812,5366,Janakaraj,71.25
813,5368,Janardanan,66.67
814,5370,Jawad Hassan,89
815,5374,JayaKrishnan,48.58
816,5375,Jaya Menon,63.19
817,5376,Jayachandran,24.7
818,5386,Jayan Cherthala,56.77
819,5393,Jayaprakash Kuloor,55
820,5395,Jayaraj Warrier,61.31
821,5396,Jayarajan,58.28
822,5397,Jayaram (Old),24.44
823,5399,Jayashankar,83.7
824,5400,Jayashree Sivadas,61.82
825,5401,Jayasoma,70.2
826,5402,Jayasudha,69.76
827,5404,Jeeja,78.45
828,5414,Jijoy Rajagopal,72.15
829,5415,Jinsha,66.75
830,5416,Jinup,53.25
831,5418,Jishnu Raghavan,65.8
832,5421,Master Jithin Jeevan,70.2
833,5423,Joby,55.59
834,5425,John Samuel,74.52
835,5427,Johnson Mulanthuruthi,65.8
836,5428,Johny,63.65
837,5429,Jojan,39
838,5433,Joly Easo,70.19
839,5434,Jolly Moothedan,73.62
840,5435,Jomol,65.05
841,5436,Jubi George,63
842,5439,Jose Pellissery,64.72
843,5442,Joseph Chacko,73.87
844,5444,Joshiy,88.35
845,5446,Joy Mathew,60.44
846,5447,Jubil Rajan P Dev,44.82
847,5455,Justin,71.28
848,5456,Jyothi ,80.75
849,5459,Jyothika,91.2
850,5462,Jyothirmayi,68.7
851,5466,Kolady Govindankutty,70.4
852,5467,K Kaladharan,70.16
853,5470,K Udaya Kumar,61.6
854,5474,KB Venu,63.28
855,5477,KG Chithranjali,61.1
856,5478,KG Devakiyamma,81.04
857,5484,KK Rajeev,52.5
858,5488,KP Alikkoya,50.83
859,5494,KPAC Premachandran,56.87
860,5495,KPAC Sabu,87.36
861,5496,KPAC Sunny,40
862,5503,KR Valsala,28
863,5504,KR Vijaya,64.29
864,5507,Parvathi T (Maala Parvathi),65.58
865,5509,KTC Abdulla,68.73
866,5510,KTS Padannayil,62.1
867,5519,Kailash,58.53
868,5520,Kailasnath,67.4
869,5523,Kakka Ravi,71.4
870,5525,Kalabhavan Baiju,37.5
871,5527,Kalabhavan Haneef,67.68
872,5528,Kalabhavan Martin,56.4
873,5529,Kalabhavan Narayanankutty,56.23
874,5531,Kalabhavan Prajod,66.06
875,5532,Kalabhavan Rahman,59.59
876,5533,Kalabhavan Santhosh,53.83
877,5534,Kalabhavan Shajohn,58.81
878,5535,Rajkumar,66.87
879,5536,Kalabhavan Unni,70.5
880,5539,Kaladi Omana,46.85
881,5547,Kalamandalam Kesavan,62.6
882,5549,Kalamandalam Radhika,71.12
883,5550,Kalamandalam Rejitha,60
884,5553,Kalasala Babu,62.07
885,5556,Kali,67.68
886,5557,Kalidas,83.66
887,5562,Poornitha,56.14
888,5569,Kamaladevi,81.7
889,5578,Kanaka,68.77
890,5579,Kanakadurga,83.6
891,5580,Kanakalatha,48.99
892,5586,Kangana Ranaut,39
893,5588,Kaniha,66.88
894,5593,Kannan Pattambi,63.33
895,5594,Kannan Swamy,68
896,5597,Kannur Sreelatha,58.25
897,5598,Kannur Vasutty,54.15
898,5600,Kanya,40.23
899,5603,Sudheer Karamana,61.16
900,5609,Karthika Mathew,63.53
901,5613,Karyavattam Sasikumar,57.61
902,5620,Kaushik Babu,30
903,5622,Kaveri,76.19
904,5624,Kavitha,64.82
905,5629,Kaviyoor Renuka,41.4
906,5642,Khasanu Khan,88
907,5643,Khushboo Sunder,77.64
908,5647,Kiran Raj,58.83
909,5650,Kiron Kher,57
910,5651,Kishor Satya,60.48
911,5652,Kochaniyan,76.59
912,5654,Kochu Preman,53.68
913,5656,Kodakara Sukumaran,61.75
914,5659,Kulappulli Leela,53.34
915,5660,Kollam Ajith,68.9
916,5665,Kollam Thulasi,57.99
917,5670,Koottikkal Jayachandran,65
918,5675,Kottarakkara Sreedharan Nair,60
919,5679,Anil Attingal,57.62
920,5680,Kottayam Somaraj,59.33
921,5686,Kovai Sarala,56.6
922,5687,Kozhikode Sharada,55.73
923,5688,Kripa,63.04
924,5689,Krishna,60.37
925,5691,NB Krishna Kurup,80.99
926,5692,Krishna Nair,70.5
927,5700,Krishnaprabha,60.15
928,5701,Krishnaprasad,66.06
929,5702,Krishnendu,72.28
930,5706,Kumarakam Raghunath,43.41
931,5717,Kunchacko Boban,65.42
932,5718,Kunchan,66.91
933,5728,Kuthiravattam Pappu,62.23
934,5734,Kuttyedathi Vilasini,49.05
935,5735,Kuyili,59.2
936,5739,Lakshana,55.14
937,5742,Lakshmi (New),67.65
938,5746,Lakshmi Gopalaswamy,58.5
939,5747,Lakshmi Krishnamoorthy,83.11
940,5748,Lakshmi Menon,39.08
941,5750,Raai Laxmi,61.38
942,5754,Lakshmi Sharma,51.99
943,5756,Lakshmipriya,55.89
944,5759,Lalithasree,79.18
945,5760,Lalu Alex,62.46
946,5765,Lavanya,84.6
947,5773,Leela Hari,76.95
948,5775,Leela Panicker,45.25
949,5778,Leena Sidhu,29.6
950,5781,Lekha Washington,30
951,5782,Lekshi Sharma,54.4
952,5783,Lena,62.4
953,5784,Lishoy,68.47
954,5785,Likhil,61.75
955,5790,Lissy Jose,33.91
956,5791,Livingstone,43.2
957,5798,MC Kattappana,84.05
958,5804,VN Vasavan,27.2
959,5809,MN Nambiar,85.5
960,5813,MR Gopakumar,63.78
961,5817,MS Bhaskar,85.15
962,5821,MS Thrippoonithura,49.96
963,5825,Maathu,43
964,5826,Machan Varghese,63.38
965,5828,Madambu Kunjukuttan,71.48
966,5829,Madan Babu,68.4
967,5838,Madhu Master,49.6
968,5839,Madhu Menon,32.8
969,5840,Madhu Mohan,73.71
970,5841,Madhu Warrier,74.54
971,5849,Madhusmita,81
972,5850,Mafia Sasi,68.55
973,5851,Mahalakshmi,64.34
974,5854,Mahie Gill,48
975,5855,Mahima,58.25
976,5856,Mythili Balachandran,53.93
977,5859,Major Sundararajan,48.72
978,5860,Mala Aravindan,62.2
979,5865,Mallika Kapoor,72.3
980,5867,Mallika Sukumaran,70.22
981,5872,Mamtha Mohandas,67.04
982,5873,Mamukkoya,58.54
983,5875,Manakkad Ravi,45.25
984,5877,Manasa,72.66
985,5880,Manjeri Sundar Raj,61.6
986,5881,Mandeep Singh,52.5
987,5883,Mangala,70.7
988,5886,Manikuttan,63.82
989,5889,Manisha Koirala,56.66
990,5892,Divyadarshan,36.9
991,5895,Manju Nair,31.2
992,5896,Manju Pillai,69.35
993,5897,Manju Satheesh,58.5
994,5898,Manju Warrier,66.42
995,5899,Manjula Vijayakumar,57.95
996,5900,Manjulan,78.8
997,5901,Manka Mahesh,70.45
998,5907,Manoj Bajpai,30
999,5908,Manoj Manchu (guest),30
1000,5909,Manorama,77.38
1001,5910,Mansoor Ali Khan,72.69
1002,5911,Manoj Kumar,65.03
1003,5912,Manu Jose,71.5
1004,5913,Manu Varma,40.91
1005,5914,Manuraj,55.6
1006,5915,Manya,71.13
1007,5916,Manzoor,83.6
1008,5917,Margi Sathi,73.6
1009,5919,Marshal,37.5
1010,5929,Master Amal,72
1011,5936,Nandana Varma,64.21
1012,5940,Arun Kumar,73.65
1013,5941,Master Ashin,67.45
1014,5942,Master Aswin,85.54
1015,5947,Master Badarinath,91.2
1016,5948,Master Badusha,56.44
1017,5955,Master Deepak,65
1018,5960,Ganapathi (Master Ganapathi),63.22
1019,5961,Master Habeeb,38.25
1020,5963,Master Jishnu,65.8
1021,5964,Master Jithu,83.6
1022,5967,Master Kannan,88.35
1023,5973,Master Mukesh,60
1024,5980,Master Paul,91.18
1025,6011,Master Sreeram Sethunath,88.35
1026,6013,Master Sunil,78.96
1027,6014,Master Suresh,60
1028,6018,Master Thejas,96
1029,6019,Master Tony,83.6
1030,6020,Master Twinku,78.96
1031,6021,Master Vaisakh,38.95
1032,6023,Master Vignesh,71.49
1033,6028,Master Vivas,48.64
1034,6035,Maya Moushmi,55.29
1035,6036,Maya Viswanath,70.34
1036,6037,Mayoori,79.9
1037,6040,Meena Ganesh,56.77
1038,6041,Meena Krishna Attingal,83.66
1039,6046,Meenakshi,60.39
1040,6049,Meenu Kumar,70.3
1041,6051,Meera Krishna,77.45
1042,6052,Meera Nair,60.69
1043,6053,Meera Nandan,57.12
1044,6054,Meera Vasudev,55.69
1045,6056,Kavya Suresh,71.31
1046,6059,Meghanadhan,63.04
1047,6061,Meghna Raj,44.74
1048,6062,Meghna Naidu,77
1049,6063,Mehad Babu,38.25
1050,6069,Merlin,68.8
1051,6074,Midhun Ramesh,65.3
1052,6075,Shalu Kurian,51.73
1053,6076,Mini Agustine,76.14
1054,6077,Mini Arun,50.48
1055,6078,Mini Nair,38.7
1056,6084,Mita Vasisht,74.85
1057,6086,Mithra,30
1058,6088,Mithra Kurian,67.63
1059,6089,Jayasanker Karimuttam,68.34
1060,6091,Mohan Ayiroor,56.94
1061,6093,Mohan Jose,74.58
1062,6096,Mohan Raj (Keerikkadan Jose),70.88
1063,6098,Mohini,55.22
1064,6100,Monilal,49.64
1065,6108,Mudavanmugal Krishnankutty,66.5
1066,6110,Muktha George,50.83
1067,6111,Mukul Dev,39
1068,6114,Mumaid Khan,46.4
1069,6115,Mumtaz,72
1070,6116,Munna Simon,41.87
1071,6117,Munshi Baiju,61.42
1072,6118,Munshi Venu,60.69
1073,6120,Murali (Kannada),45
1074,6125,Muralimohan,58.42
1075,6126,Murukan,74.68
1076,6129,Muthumani,65.75
1077,6131,Mythili,49.5
1078,6135,NF Varghese,69.15
1079,6137,NK Gopalakrishnan,30.4
1080,6138,NL Balakrishnan,61.17
1081,6150,Nadiya Moithu,49.02
1082,6153,Nagarjuna,84
1083,6154,Nagayya,30
1084,6155,Nagesh,55.61
1085,6159,Najma,84.55
1086,6162,Nalini,75.78
1087,6165,Namitha,47.48
1088,6168,Nandan,79.68
1089,6169,Nandan Chalissery,68
1090,6170,Nandana Manoj Bharathiraja,89.28
1091,6171,Ramesh Kanna,77
1092,6172,Nandini (Kausalya),71.52
1093,6174,Nandita Das,73.15
1094,6175,Nanditha Bose,87
1095,6176,Nandhu,58.69
1096,6177,Nani,51.4
1097,6179,Napoleon,86.45
1098,6180,Narain,66.76
1099,6182,Kozhikode Narayanan Nair,59.89
1100,6183,Narayanankutty,43.52
1101,6184,Narendra Prasad,64.47
1102,6186,Naseer Panoor,68.25
1103,6188,Nataraj,44.55
1104,6194,Navya Nair,69.4
1105,6196,Nayanthara,73.38
1106,6199,Nedumpram Gopi,68.95
1107,6200,Neelam,40.5
1108,6205,Neena Kurup,52.47
1109,6207,Neethu,71.25
1110,6209,Neha,58.62
1111,6211,Neyyaattinkara Komalam,83.66
1112,6213,Nikhila,88
1113,6214,Nikitha Thukral,61.19
1114,6215,Nilamboor Ayisha,68.36
1115,6216,Nilchal,87
1116,6217,Nimisha,55.31
1117,6219,Ninu Thomas,85.54
1118,6220,Niranjana,57.81
1119,6221,Nirmal,53.22
1120,6222,Nirmal Pandey,79.8
1121,6226,Nirosha,57.6
1122,6228,Nisha Chowdhary,50.93
1123,6229,Shanavas (New),30
1124,6230,Nishan KP Nanaiah,58.15
1125,6231,Nishant Sagar,63.14
1126,6233,Nithasree,80
1127,6234,Nithin,53.6
1128,6236,Nithya Menen,62.27
1129,6237,Nithya Das,74.86
1130,6239,Nivedya Menon,69.49
1131,6240,Nivia Rebin,89.13
1132,6241,Niyaz Musaliyar,63.48
1133,6244,Njarakkal Sreeni,59.04
1134,6245,Njekkad Rajan,58.07
1135,6246,Noble,61.75
1136,6249,O Madhavan,65.8
1137,6253,Oduvil Unnikrishnan,82.12
1138,6254,Om Puri,60.75
1139,6256,Omana,57.95
1140,6257,Omana Ouseph,62.17
1141,6260,Ottappalam Pappan,84.72
1142,6262,P Balachandran,60.11
1143,6263,P Chithrabhanu,61.6
1144,6264,P Pradeep,61.6
1145,6272,PC Soman,74.62
1146,6276,PJ Radhakrishnan,86
1147,6287,PK Vikraman Nair,65.17
1148,6298,PS Vipin,61.6
1149,6304,Padmapriya,67.88
1150,6317,Pandyaraj,67.68
1151,6323,Pankan Thamarassery,67.78
1152,6326,Paravoor Bharathan,61.48
1153,6327,Paravoor Ramachandran,77.05
1154,6330,Parthiban,58.73
1155,6332,Parvathi Thiruvoth,65.63
1156,6334,Parvathi Melton,53.2
1157,6336,Pasupathy,73.18
1158,6347,Paulose,72.9
1159,6348,Pavithra,66.75
1160,6349,Payal,94
1161,6350,Payyans Jayakumar,54.81
1162,6356,Philomina,77.33
1163,6357,Ping Pong,60
1164,6364,Ponnamma Babu,60.63
1165,6367,Ponvannan,53.47
1166,6368,Pooja,45.6
1167,6372,Poojappura Radhakrishnan,62.8
1168,6373,Poojappura Ravi,51.04
1169,6374,Poonam,48
1170,6375,Poonam Bajwa,56.37
1171,6378,Favour Francis,75.28
1172,6380,Poornima Anand,72.64
1173,6381,Poornima Jayaram,68.88
1174,6382,Poornima Mohan,76.43
1175,6385,Posani Krishna Murali,34.5
1176,6390,Tiger Prabhakar,18.8
1177,6392,Prabhas,39
1178,6394,Prabhu,64.61
1179,6397,Pradeep Mudra,61.6
1180,6399,Pradeep Rawat,62.13
1181,6401,Baby Sabaiina Menon,50.7
1182,6403,Prakash Bahrain,66.13
1183,6406,Prakash Raj,64.28
1184,6408,Pranav Mohanlal,71.2
1185,6409,Prasanna Ravi,61.1
1186,6411,Prasanth Alexander,65.47
1187,6413,Praseetha Menon,53.4
1188,6418,Praveen,69.71
1189,6419,Praveena,60.46
1190,6420,Preetha Vijayakumar,79.8
1191,6430,Preman,72
1192,6432,Premjith,54.4
1193,6434,Priya (New),47.62
1194,6437,Priya Lal,49.3
1195,6439,Priyadarsini,72.47
1196,6441,Priyamani,57.42
1197,6446,Priyanka,64.66
1198,6447,Priyanka Nair,60.66
1199,6448,Pruthvi,30
1200,6454,Puneeth Rajkumar,39
1201,6455,Punnapra Appachan,69.93
1202,6456,Punnapra Prashanth,49.95
1203,6471,Radha Varma,42.39
1204,6476,Radhika Sarathkumar,70.09
1205,6477,Radhika (New),68.29
1206,6482,Ragasudha,75.55
1207,6487,Raghu (Sasi),74.88
1208,6493,Ragoothaman,46.5
1209,6494,Rahana,59.4
1210,6495,Rahman,71.45
1211,6498,Rahul Menon,20.71
1212,6499,KS Ravikumar,60
1213,6501,Raj Mohan,81.61
1214,6502,Raja Sahib,35.16
1215,6504,Rajagopal,27
1216,6510,Rajan Engakkad,61.75
1217,6512,Rajan Padoor,70.81
1218,6514,Rajani,83.6
1219,6519,Rajasekharan,66.1
1220,6523,Indulekha,65.52
1221,6524,Rajeev Kalamassery,54.17
1222,6525,Rajeev Rangan,42.9
1223,6526,Rajeev Roshan,66.75
1224,6533,Rajesh Hebbar,58.65
1225,6534,Rajesh Sharma,63.41
1226,6537,Raji P Menon,92.16
1227,6541,Rajmohan Unnithan,61.16
1228,6544,Rakhi Raveendran,73.25
1229,6545,Rakhi Devi,32.25
1230,6551,Ramachandran Nair,44.72
1231,6553,Ramadevi,61.87
1232,6562,Ramaraj,76.8
1233,6563,Rambha,39.83
1234,6566,Ramesh Pisharadi,64.51
1235,6569,P Ramu,70.05
1236,6571,Ramu Mangalappally,83.66
1237,6572,Ramya,75.76
1238,6573,Ramya Krishnan,62.8
1239,6574,Ramya Nambeesan,71.51
1240,6578,Rani,57.97
1241,6581,Ranjini,60.18
1242,6585,Rasheed,77
1243,6587,Suniel Shetty,69.05
1244,6588,Reshmi Soman,64.93
1245,6590,Rassia,49.5
1246,6591,Rathi Agnihothri,41.36
1247,6594,Rathya,93
1248,6597,Ravi Menon,86.79
1249,6599,Ravi Shankar,66.28
1250,6600,Ravi Teja,48.75
1251,6606,Ravikanth,33.54
1252,6609,Mallika (Reeja),57.24
1253,6610,Reena,78.56
1254,6611,Reena Basheer,60.31
1255,6614,Reji Nair,87
1256,6617,Rekha Pillai,26.4
1257,6619,Ramesh Kurumassery,54.54
1258,6620,Renjini Menon,91.2
1259,6622,Renju,66.68
1260,6624,Renuka Menon,84.6
1261,6626,Reshma (Sraavu),45.6
1262,6627,Reshmi Boban,66.51
1263,6632,Richard,31.68
1264,6633,Ricky,56.25
1265,6636,Rikhil,73.6
1266,6637,Rima Kallingal,65.22
1267,6638,Rima Sen,94
1268,6641,Risabava,65.09
1269,6642,Rishi Prakash,70.4
1270,6644,Riya Sen,96
1271,6645,Riyas Hassan,71.25
1272,6646,Riyaz Khan,58.32
1273,6649,Rohan Pentar,91.18
1274,6652,Roja,58.55
1275,6654,Roma,54.45
1276,6655,Romi,88.35
1277,6656,Rona,69.22
1278,6660,Roopashree,46.85
1279,6663,Roshan Bijili,89
1280,6665,Roslin,59.23
1281,6675,SA Fareed,89.3
1282,6681,SJ Soorya,57.42
1283,6690,SS Rajendran,9.13
1284,6695,Sabeer,32.8
1285,6696,Sabitha Anand,63.69
1286,6697,Sabitha Jayaraj,59.68
1287,6700,Sachin Anand,33.79
1288,6701,Sachin Khedekar,76.97
1289,6703,Sada,43.2
1290,6708,Sadiq,66.04
1291,6709,Sagar Shiyas,65.36
1292,6712,Saiju Kurup,65.88
1293,6713,Saikumar,64.37
1294,6715,Sajan Palluruthi,65.73
1295,6716,Sajan Surya,17.97
1296,6717,Sajeev,24.3
1297,6718,Saji Kumar,52.5
1298,6719,Saji Soman,79.2
1299,6720,Saji Vadakkanad,45.92
1300,6723,Sajitha Beti,59.97
1301,6725,Saju Kodiyan,47.56
1302,6730,Vigesh Gopi,76.36
1303,6731,Saleema,53.32
1304,6734,Salim Ghouse,86
1305,6735,Salim Kumar,63.52
1306,6740,Assif Yogi,77.76
1307,6741,Salu Koottanad,58.41
1308,6742,Shalu Menon,73.7
1309,6743,Samad,65.78
1310,6744,Sameeksha,38.79
1311,6748,Samuthirakani,57.69
1312,6749,Samvrutha Sunil,70.71
1313,6753,Sandeep Chatterjee,46.5
1314,6754,Kaathal Sandhya,58.59
1315,6755,Sandhya Rajendran,47.56
1316,6756,Sando Krishnan,84.6
1317,6757,Sandra Amy (Jose),80.76
1318,6759,Sangeetha (Rasika),75.74
1319,6760,Sangeetha Mohan,43.75
1320,6762,Sangeetha Sivan,67.45
1321,6763,Sangeetha Sujith,52.5
1322,6764,Sangeetha Thampi,69.75
1323,6766,Sanjay Mithra,79
1324,6774,Santhadevi,65.71
1325,6775,Santhakumari,57.07
1326,6778,Santhi Williams,69.78
1327,6779,Santhosh Jogi,76.71
1328,6783,Sanuraj,52.5
1329,6784,Sanusha,80.6
1330,6785,Sara,22.25
1331,6786,Murali Menon,68.32
1332,6787,Sarada (New),27
1333,6791,Saranya Ponvannan,60.87
1334,6792,Saranya Bhagyaraj,80
1335,6793,Saranya Mohan,33.17
1336,6794,Saranya Sasi,68.97
1337,6798,Saraswathi Amma,81.7
1338,6799,Sarath Haridas,67.78
1339,6800,Sarath Babu,64.38
1340,6802,Sarath S Nair,40
1341,6803,Sarath Saxena,74.44
1342,6804,Sarathkumar,71.85
1343,6805,Sarayu Mohan,57.58
1344,6807,Saritha,83.79
1345,6809,Saritha Balakrishnan,12.6
1346,6813,Sarmila,7.8
1347,6816,Sasi,88.35
1348,6818,Sasi Kalinga,54.83
1349,6824,Mohiyudeen (EP Moideen),84.52
1350,6831,Sathish Shah,48
1351,6833,Sathya Krishna,60
1352,6836,Sathyam Rajesh,30
1353,6838,Sathyanarayana,30
1354,6841,Sathyapriya,32
1355,6842,Sathyaraj,65.77
1356,6850,Seema,59.34
1357,6851,Seema Biswas,72.85
1358,6852,Seema G Nair,56.8
1359,6855,Zeenath,65.55
1360,6856,Seetha,64.39
1361,6861,Senthil,63.1
1362,6866,Shaalin Zoya,60.34
1363,6872,Shafna,46.64
1364,6873,Shanawas,41.99
1365,6875,Shaiju Adimaly,65.57
1366,6876,Shailaja,62.53
1367,6878,Shaji Suresh,33
1368,6879,Shajin,69.78
1369,6882,Shajoon,58.28
1370,6883,Shaju K.S.,59.8
1371,6884,Shakkeela,64.42
1372,6890,Mammootty Shamiyana,64
1373,6892,Shammi Thilakan,61.75
1374,6893,Shamna Kasim,63.03
1375,6895,Shams,52.5
1376,6896,Shamsu Mysore,61.6
1377,6900,Shanil,41.73
1378,6906,Shanthi Krishna,67.63
1379,6907,G Gopan,64
1380,6908,Sharaf,26.4
1381,6911,Sharbani Mukjerjee,91.2
1382,6912,Shari,54.29
1383,6915,Sharmily,78.8
1384,6916,Sharon,72.98
1385,6918,Shashi,69.72
1386,6922,Sheela Kaur,68.53
1387,6923,Sheela Nair,68
1388,6924,Sheethal,31.68
1389,6927,Shereveer Vakil,78.35
1390,6928,Sherin,55.25
1391,6930,Shihab,9.13
1392,6931,Athmeeya Rajan,70.47
1393,6932,Shiju,57.13
1394,6933,Shilpa Bala,46.98
1395,6934,Shivaji,77.56
1396,6935,Shivaji Guruvayoor,56.59
1397,6936,Shivani,68.86
1398,6938,Shoba Teacher,60
1399,6941,Shobha Menon,62.84
1400,6942,Shobha Mohan,60.55
1401,6946,Shivada Nair,65.5
1402,6947,Shreya Reddy,91.6
1403,6948,Shriya Saran,64.5
1404,6949,Sruthi Lakshmi,54.19
1405,6950,Shruthi Menon,58.41
1406,6953,Shweta Prasad,72.8
1407,6962,Sibi Vettoran,31.2
1408,6963,Sicily,75.6
1409,6965,Siddique,57.6
1410,6967,Sidharth Bharathan,63.05
1411,6971,Silpa,83.7
1412,6973,Simran,49.09
1413,6977,Sindhu Jacob,41
1414,6978,Sindhu Menon,79.8
1415,6987,Siya Gowtam,30
1416,6991,Sneha Ullal,55.33
1417,6994,Sobhan Babu,76
1418,6995,Solomon,65.16
1419,7000,Sona Heiden,48.95
1420,7001,Sona Nair,62.58
1421,7003,Sonia (Baby Sonia),52.32
1422,7006,Sonia Baiju Kottarakkara,73.22
1423,7008,Soniya Agarwal,33
1424,7010,Sonthosh,87
1425,7011,Sonu Sood,39
1426,7012,Sooraj,72.98
1427,7015,Sophia Sudeep,90.25
1428,7019,Spadikam George,63.67
1429,7020,Sravana,87
1430,7022,Sreehari,70.24
1431,7027,Sreedevi Unni,66.26
1432,7028,Sreedevika,73.77
1433,7029,Sreedhanya,64.46
1434,7030,Sreedhar,32.8
1435,7031,Sreedharan,61.75
1436,7034,Swasika,65.92
1437,7035,Sreeja Chandran,79.5
1438,7036,Sreeja Suresh,67.33
1439,7037,Sreejaya Nair,63.45
1440,7038,Sreejith,30
1441,7039,Sreejith Kaiveli,56.05
1442,7040,Sreejith Ravi,59.11
1443,7041,Sreejith Vijay,38.08
1444,7042,Sreekala,42.75
1445,7044,Sreekanth Viswanath,18.8
1446,7045,Sreekkutty,47.69
1447,7048,Sreelatha Warrier,32.8
1448,7049,Arjun Ashokan,70
1449,7050,Sreelekshmi,70.76
1450,7051,Sreeman,88.35
1451,7052,Sreenath,66.87
1452,7059,Sreeram,79.68
1453,7065,Srikanth,60.98
1454,7067,Sruthi Nair,75.95
1455,7068,Sruthi Krishnan,52.5
1456,7072,Sruthi Raj,83.66
1457,7074,James Stalin,81.3
1458,7076,Stephen,70.3
1459,7078,Subair (Nilaavu),52.5
1460,7079,Subbalakshmi,67.7
1461,7080,Manikandan,62.75
1462,7086,Suby Suresh,61.08
1463,7091,Sudeep Joshi Mathew,53.53
1464,7094,Sudha Chandran,57
1465,7096,Sudhakar Vasanth,68.55
1466,7098,Sudharani,85.54
1467,7100,Sudheer (New),72.21
1468,7102,Sudheesh,62.09
1469,7103,Sudhi Joshi,71.12
1470,7104,Sudhi Ranjan,61.1
1471,7107,Suhasini,67.54
1472,7109,Suja,33
1473,7110,Suja Karthika,75.8
1474,7111,Suja Menon,68.7
1475,7114,Sujatha ,90.8
1476,7118,Sujith,43.24
1477,7119,Sujitha,44.29
1478,7120,Sukanya,70.78
1479,7125,Sulakshana,58.1
1480,7127,Sulfy,18.8
1481,7128,Suma Jayaram,65.24
1482,7131,Sumalatha,60
1483,7132,Suman,60.99
1484,7133,Suman Shetty,54.6
1485,7137,Sumit Naval,81.02
1486,7139,Sumithra,61.61
1487,7141,Sunanda Menon,30
1488,7150,Sunitha Nedungadi,55.92
1489,7157,Surabhi Lakshmi,59.5
1490,7158,Sajith Raj,41
1491,7161,Surekha,47.31
1492,7165,Suresh Babu,12.75
1493,7166,Suresh Ernakulam,52.5
1494,7167,Suresh Karunakaran,52.5
1495,7168,Suresh Kumar,24.96
1496,7169,Suresh Nair,68
1497,7176,Sushma Seth,48
1498,7178,Achuthanandan,66.83
1499,7179,Suvarna Mathew,79.04
1500,7180,Suvi,49.5
1501,7183,Swapna Ravi,60.58
1502,7186,Swarnamalya,46.17
1503,7188,Swathi,70.97
1504,7189,Swathi Varma,65.25
1505,7190,Swaya,70.2
1506,7192,Swetha Menon,61.17
1507,7193,Swetha Prasad,48
1508,7194,Swetha Vijay,56.62
1509,7195,Syam Seethal,86.4
1510,7197,Madhuri B,72.45
1511,7199,T Damodaran,74.04
1512,7201,T Narendran,61.6
1513,7203,TG Ravi,66.33
1514,7204,TJ Master,87
1515,7212,TP Madhavan,76.33
1516,7221,TS Raju,54.5
1517,7222,TT Usha,61.92
1518,7225,Tabu,81.75
1519,7226,Tanish,72.8
1520,7227,Tanveer Azmi,48
1521,7229,Teena,44.15
1522,7230,Tessa Joseph,52.38
1523,7231,Thalaivasal Vijay,57.37
1524,7232,Thampi Antony,61.73
1525,7234,Thanikella Bharani,62.14
1526,7243,Taapsee Pannu,41.25
1527,7244,Thara,45.12
1528,7245,Thara Balachandran,94
1529,7246,Thara Kalyan,56.63
1530,7248,Tharikida Sabu,68.6
1531,7249,Tharun Sagar,42.65
1532,7253,Thesni Khan,55.85
1533,7255,Thirumala Chandran,66.5
1534,7256,Thiruthiyadu Vilasini,68
1535,7257,Thiruvalla Johnson,86.4
1536,7260,Thodupuzha Vasanthy,62.57
1537,7261,Leena Maria Paul,50.42
1538,7266,Thrikkulam Krishnankutty,68
1539,7267,Thrissur Elsy,62.22
1540,7272,Thyagarajan,61.78
1541,7273,Tini Tom,55.38
1542,7274,Titus Abraham,34.2
1543,7275,Tom Alter,74.52
1544,7276,Tom George,85.15
1545,7277,Tom Jacob,66.25
1546,7280,Toni Kattukkaran,68
1547,7294,Umashankari,58.54
1548,7295,Umesh,87
1549,7297,Guiness Pakru (Ajayakumar),57.18
1550,7298,Unni Maya,51.38
1551,7299,Unni Muttath,24
1552,7300,Unni Shivapal,70.27
1553,7303,Unnikrishnan Namboothiri,82.82
1554,7304,Sritha Sivadas,50.32
1555,7307,Urmila Unni,54.36
1556,7309,Usha,56.14
1557,7312,Ushakumari,85.5
1558,7314,Usharani,58.98
1559,7315,Usman,34.2
1560,7323,Madona Sebastian,79.98
1561,7325,VK Sreeraman,69.16
1562,7331,VP Ramachandran,53.9
1563,7334,Vadivelu,60
1564,7335,Vahini,66.74
1565,7341,Vakkom Jayalal,64.72
1566,7342,Vallathol Unnikrishnan,77.09
1567,7343,Valsala Menon,62.04
1568,7347,Vanchiyoor Praveen,60.63
1569,7350,Vandana,67.41
1570,7352,Vani Kishor,71.74
1571,7353,Vani Viswanath,49.48
1572,7354,Vanitha Krishnachandran,64.55
1573,7355,Varada,46.53
1574,7360,Varun Sandesh,48
1575,7368,Vavachan,72.93
1576,7369,Vayalar Rana,59
1577,7370,Vazhoor Rajan,49.2
1578,7371,Veena,68.4
1579,7372,Veeramani,52.5
1580,7379,Veni,75
1581,7386,Venu Machad,77.17
1582,7387,Venu Madhav,51.58
1583,7392,Vettoor Purushan,35.75
1584,7393,Vettukkili Prakash,75.49
1585,7398,Vidisha,30
1586,7399,Vidya Balan,71.25
1587,7403,Vijaya Kumar (New),70.5
1588,7404,Vijaya Kumari,58.98
1589,7410,Anwar Sadhique,79.98
1590,7414,Vijayakumar (Tamil),64.17
1591,7422,Vinay Rai,53.25
1592,7423,Vijayan Nair,8.6
1593,7425,Vijayan Peringodu,71.5
1594,7426,Vijayan V Nair,71.42
1595,7429,Vijayaraghavan,61.2
1596,7434,Vijishambika Antharjanam,61.6
1597,7435,Viju Kodungalloor,25.35
1598,7439,Vimal Raj,79.56
1599,7443,Vimala Raman,75.25
1600,7444,Arjun Sasi,87
1601,7445,Vinaya Prasad,62.45
1602,7446,Vinayakan,67.46
1603,7451,Vindhya,86.48
1604,7452,Vinduja Menon,73.71
1605,7453,Vineeth,64.46
1606,7454,Vineeth Kumar,59.1
1607,7455,Vineetha,33.3
1608,7456,Vinod,67.86
1609,7457,Vinod Kambli,48
1610,7460,Vinu Chakravarthy,80.34
1611,7461,Vinu Mohan,56.56
1612,7464,Vishal,89
1613,7465,Vishnu Das,68
1614,7466,Vishnu Prasad,69.8
1615,7467,Vishnuprakash,63.08
1616,7468,Vishnupriya,49.08
1617,7469,Vishnuvardhan,66.22
1618,7472,Vivek (Tamil),35.05
1619,7473,Vivek Mishra,48
1620,7474,Vivek Oberoi,75.15
1621,7476,Vypin Lenin,61.75
1622,7485,YG Mahendran,51.75
1623,7486,Yadu Krishnan,74
1624,7489,Yasho Sagar,60
1625,7490,Yatheendran Kavil,61.6
1626,7491,Yathi Kumar,67.8
1627,7494,Zakky,70.2
1628,7514,Parvathy Nair,49.81
1629,7525,KL Antony,68.77
1630,7526,Anzar Kalabhavan,59.09
1631,7589,Dileesh Nair,86.4
1632,7733,M Hajamoinu,49.2
1633,7754,Sneha R V Nair,48.8
1634,7764,Sujith Sankar,71.54
1635,7807,Hareesh Peradi,59.35
1636,7817,Aneesh Upasana,59.86
1637,7831,P Baburaj,64.8
1638,7851,PR Nathan,9.36
1639,7856,PS Rafeeq,79.12
1640,7859,Illikkettu Namboodiri,28.76
1641,7870,Vaiga,52.85
1642,7877,Punathil Kunjabdulla,32
1643,7890,Raghunath Paleri,79.12
1644,7899,Raju Narayanathra,28.38
1645,7909,Balu Varghese,66.34
1646,7916,Sreeja Ravi,82.8
1647,7923,SN Swamy,71.28
1648,7925,Avanthika Mohan,74.88
1649,7941,Aqsa Bhatt,69.7
1650,7948,Maqbool Salman,67.55
1651,7963,Shankar Ramakrishnan,59.83
1652,7987,Sreemoolanagaram Mohan,88.35
1653,8085,Vinay Forrt,61.65
1654,8095,Parvathy Nambiar,56.01
1655,8128,Anoop Shankar,78.02
1656,8133,Aparna Ramachandran,66.99
1657,8163,Benny Dayal,89.28
1658,8177,Pranathi,89.28
1659,8208,Dr MK Muneer,32.8
1660,8213,Dr Satheesh Bhatt,16.4
1661,8217,Eranholi Moosa,89.3
1662,8271,Saniya Babu,74.82
1663,8341,Master Navajyoth Pandit,32.25
1664,8393,Bobby,84.66
1665,8422,Nihal Pillai,61.77
1666,8436,Mukesh Rishi,62.78
1667,8459,Reshmi Satheesh,67.38
1668,8486,Santhosh Keezhattoor,66
1669,8487,Sangeeth,86.45
1670,8491,Santhosh Pandit,71.38
1671,8494,Vidyalakshmi,34.86
1672,8498,Satheesh Babu,72.09
1673,8504,Sudipto Balav,71.62
1674,8506,Bhavani,81.96
1675,8511,Shani,49.14
1676,8563,Bharath Srinivasan,69.7
1677,8575,Nobi,55.08
1678,8591,Riya Saira,61.72
1679,8605,Chandrika,82.72
1680,8617,Chemban Vinod Jose,68.53
1681,8623,Adinad Sasi,65.89
1682,8651,Unni Mukundan,67.91
1683,8652,A Ramarao,55.61
1684,8661,KA Latheef,16.38
1685,8663,Shyam Balakrishnan,67.24
1686,8670,Varsha Pandit,45.73
1687,8702,Anson Paul,76.24
1688,8791,Bipin Chandran,70.47
1689,8809,Nimisha Sajayan,76.54
1690,8829,Dulquer Salmaan,78.09
1691,8877,KK Lawrence,53.82
1692,8878,Mithun Murali,59.28
1693,8922,Vava Suresh,32.8
1694,8934,Saju Navodaya,58.55
1695,8984,Mohanakrishnan,72
1696,8996,Thanusree Ghosh,59.21
1697,9012,Anu Mohan,71.88
1698,9016,Navami,55.61
1699,9017,Leona Lishoy,64.99
1700,9018,Sadhika,49.93
1701,9019,Sathya,55.61
1702,9020,MS Narayanan,54.78
1703,9037,Renuka (Prashanthi),72.54
1704,9045,Arun Ghosh,60.41
1705,9053,Suji Bala,52
1706,9057,Nikki Galrani,76.8
1707,9069,Neeraj Madhav,67.06
1708,9070,Master Adhil,48.96
1709,9072,Baiju VK,64.68
1710,9075,Sajad Bright,68.78
1711,9090,Suresh Chandra Menon,77.4
1712,9132,Gaurav Vasudev,74.1
1713,9188,Aakash Muraleedharan,60.75
1714,9236,Adhithi Ravi,79.12
1715,9265,Ajay Rathnam,77.07
1716,9328,Vini Viswalal,60.9
1717,9348,Sneha Babu,72.24
1718,9381,Prayaga Martin,59.19
1719,9414,Ajayan,32.25
1720,9415,Aju Varghese,66.12
1721,9416,Alex Mathew,49.28
1722,9417,Anupam Kher,65.72
1723,9418,Anusree,64.51
1724,9419,Aryan,71.76
1725,9421,Babu,64.5
1726,9422,Bhagath Manuel,59.28
1727,9423,Bhagyaraj,56.55
1728,9424,Bibin,76.36
1729,9425,Crys Hobbs,75.53
1730,9428,Divya Thanima,34.5
1731,9429,Ganga Babu,34.86
1732,9430,Sunil,32.25
1733,9431,Gouthami Nair,62.23
1734,9433,Hanif,32.25
1735,9435,Hemanth Menon,65.74
1736,9436,Indu Thampi,52.87
1737,9437,Jija Surendran,51.21
1738,9439,Isha Thalwar,75.34
1739,9440,Jaala Pickering,53.25
1740,9442,Javier Sandoval,75.53
1741,9443,Jineet Rath,53.25
1742,9444,Jinu Joseph,73.02
1743,9445,Jiyad,54.5
1744,9446,Navindran,32.25
1745,9447,Nelson,54.47
1746,9449,Sunny Wayne,67.16
1747,9450,Sudheesh Vannappuram,64.5
1748,9451,Rahul Madhav,64.51
1749,9452,Raima Sen,66.75
1750,9453,Makarand Deshpande,59.91
1751,9454,Linda Arsenio,75.2
1752,9461,Isha Sharvani,70.52
1753,9462,Kishor (Tamil),54.14
1754,9464,Krithi Kharbanda,30
1755,9465,Lakshmi Ramakrishnan,69.55
1756,9469,Leji,32.25
1757,9470,Manikandan Pattambi,64.45
1758,9471,Manoj Vaikkom,77.19
1759,9472,Megha Burman,53.25
1760,9474,Nandu Pothuval,69.58
1761,9475,Sumisha,77.19
1762,9477,PD Raj,24.96
1763,9478,Neha Pendse,45
1764,9479,Nivin Pauly,65
1765,9480,Padmini Kolhapure,36.52
1766,9481,Piaa Bajpai,47.31
1767,9482,Ruf,32.25
1768,9485,Prathyush,32.25
1769,9486,Rabbi,45
1770,9488,Rajeev Parameswaran,59.95
1771,9489,Rajeev Pillai,49.05
1772,9490,Rasul Pookkutty,48.53
1773,9491,Ratheesh Ram,76.36
1774,9492,Souparnika,32.25
1775,9493,Rithu,77.19
1776,9494,Subeesh Sudhi,69.3
1777,9496,Sheena Chouhan,48.75
1778,9497,Shakthi Kapoor,73.58
1779,9499,Sampath Raj,65.78
1780,9500,Rupa Jith,32.25
1781,9501,Saby,45
1782,9516,Sudip Joshy,72.75
1783,9600,Vijayan Mukhathala,27.2
1784,9632,Kitty (Raja Krishnamoorthy),45.92
1785,9645,Niyaz Backer,59.59
1786,9649,Meena (New),71.5
1787,9650,Baby Malavika,56.16
1788,9655,Joy Chemmachel,89.28
1789,9657,Sidharaj,67.36
1790,9672,Udaychandra,66
1791,9673,Master Govardhan,66.85
1792,9676,Rajasree Nair,53.35
1793,9685,Niveda P Thomas,71.31
1794,9686,Navya Nadarajan,64.5
1795,9687,Jijo,78.59
1796,9691,Joshua Fredric Smith,53.25
1797,9692,KPAC Leelamani,75.53
1798,9693,Dinesh Prabhakar,69.67
1799,9703,Vijay Victor,74.7
1800,9707,Ranjini Haridas,57.75
1801,9710,Sanjana,63.67
1802,9713,Mohan Aghare,64.74
1803,9715,Arjun Nandakumar,60.52
1804,9716,Fathima Babu,60.83
1805,9721,Baby Tharuni Sachdev,88.32
1806,9722,Anand Raj,90.24
1807,9723,KPAC Sajeev,75.71
1808,9746,Thavakkala Babu,34.4
1809,9749,Ramachandran (New),80
1810,9779,Ajay Gopal,39
1811,9793,Natasha,51.13
1812,9796,Baby Malini,64.78
1813,9804, Ranjusha Menon,71.57
1814,9841,Jyothi Krishna,53.34
1815,9842,Bhavika,54
1816,9843,Rejith Menon,51.82
1817,9844,Deepak Murali,9.13
1818,9845,Prem Vinayak,9.13
1819,9846,Snehajith,28.38
1820,9871,Geetha Dey,92.16
1821,9872,Master Arun Selvan,18.26
1822,9873,Tessy Rajan,92.16
1823,9876,Esther Anil,52.3
1824,9883,Roshan Basheer,56.42
1825,9884,Pratheesh Nandan,69.62
1826,9896,Subbaraju,59.43
1827,9898,Hari,74.1
1828,9903,Rajashekhar,74.1
1829,9906,Abhinaya,36.36
1830,9927, Madhusoodanan Mavelikkara,43.5
1831,9928,Sreelatha Menon,80.75
1832,9955,Chithrabanu,12.75
1833,9966,Jagapathi Babu,66.91
1834,9967,Keerthi Chowla,62.25
1835,9984,Athulya,68.47
1836,9995,PK Medini,72.8
1837,9999,Soorya,70.2
1838,10003,Sambath Raj,66.98
1839,10004,Apoorva Bose,59.27
1840,10027,Raveendran,72.69
1841,10029,Asha Sarath,65.87
1842,10032,Kovai Seetha,74.7
1843,10033,Kalamandalam Geethanandan,73.93
1844,10034,Aron Ashok,74.7
1845,10040,Karthik,74.7
1846,10041,PV Madhava Warrier,74.7
1847,10042,Jubilee Narayanan,74.7
1848,10052,Sandra Thomas,60.4
1849,10062,Prasanth Kumar,52.5
1850,10063,Sethumadhavan,52.5
1851,10065,Haridas Bahrain,52.5
1852,10070,Babu Jose ,62.79
1853,10073,Dimple Rose,72.04
1854,10074,Disney James,67.91
1855,10075,Master Alexander,67.08
1856,10086,Madhu Raghavan,80.84
1857,10128,Dr Laljish Lovelys,31.2
1858,10133,Kelu Mooppan,70.5
1859,10134,N Jayakrishnan ,56.78
1860,10136,Ajayan Adoor,77.15
1861,10137,Aswathy Menon,62.11
1862,10138,Monica (Aswathy),67.33
1863,10140,Anand,72.71
1864,10142,Maria Roy,63.96
1865,10147,Anumol,61.35
1866,10148,Sudheer Sukumaran,67.01
1867,10157,Nyla Usha,76.64
1868,10170,Namitha Pramod,72.86
1869,10188,Ranjith,73.94
1870,10198,Malavika Menon,59.82
1871,10204,Sekhar Menon,60.9
1872,10205,Sreenath Bhasi,68.7
1873,10206,Arundhathi Nag,71.2
1874,10215,Biyon,57.41
1875,10220,Kottayam Purushan,62.01
1876,10223,Roopesh Peethambaran,58.22
1877,10234,Sethulakshmi (Old),27.2
1878,10235,V Jayaprakash,70.65
1879,10241,Beatrice,73.32
1880,10251,Ragini Dwivedi,54.07
1881,10254,Radha Ravi,93.12
1882,10255,Bhavna Pani,51.2
1883,10258,Meghana,84.6
1884,10259,Aswathy Nair,34.4
1885,10263,Girija Preman,16.4
1886,10273,MR Vibin,52.46
1887,10276,Seetha ,77.08
1888,10278,KK Jacob,67.68
1889,10282,Miya George,60.81
1890,10288,Salam Bappu,86.4
1891,10289,Joju George,67.9
1892,10291,Devika (Krishnanum Radhayum),32.25
1893,10293,Aishwarya Devan,65.52
1894,10299,Mrudula Murali,64.64
1895,10300,Sunil Babu,79.12
1896,10301,Albert Alex,57.68
1897,10303,Sajitha Madathil,55.12
1898,10306,Ranjith Govindamangalam,74.7
1899,10309,Suhail Ibrahim,52.46
1900,10310,Vijay Babu,66.09
1901,10311,Shine Tom Chacko,64.48
1902,10316,Nisha Joseph,69.42
1903,10336,Vinod Kovoor,59.14
1904,10337,Molly Kannamaly,59.27
1905,10340,Gayathri,56.16
1906,10343,Jaya Unnikrishnan,49.6
1907,10344,Pappan Chiranthana,60.41
1908,10345,Sasi Eranjikkal,56.05
1909,10351,Rachana Narayanankutty,63.3
1910,10353,Prince Harippadu,70.5
1911,10360,Athulya Chandra,74.82
1912,10376,Malini ,30
1913,10378,Nasser Latheef,74.82
1914,10379,Peethambaran,95
1915,10392,Vijayalakshmi (New),60.39
1916,10408,Raja Mohammed,24.79
1917,10424,Master Efren George,74.7
1918,10425,Soubin Shahir,69.16
1919,10426,Srinda Ashab,67.72
1920,10436,Pavithran,50.59
1921,10443,Bala Singh,63.64
1922,10444,Dhanush (Tamil),61.62
1923,10452,CV Dev,64.88
1924,10456,Rohith Menon,65.82
1925,10457,Dr Jayan,76.36
1926,10462,Aparna Das,82.65
1927,10464,Ahmed Sidique,73.54
1928,10465,Dileesh Pothen,70.07
1929,10466,Revathy Sivakumar,74.45
1930,10467,Sandhya Ramesh,54.6
1931,10474,Venniradai Moorthi,94
1932,10485,Charulatha (Kukku Singh),29.6
1933,10486,Charutha,63.59
1934,10490,Malavika (Phantom),68.06
1935,10494,Malavika Wales,42.75
1936,10514,Krishnan,57.27
1937,10515,Rajeev ,60
1938,10524,Santhi Priya,74.82
1939,10531,Master Gourisankar,66.77
1940,10534,Riyaz Pathanapuram,63.93
1941,10540,Sankranthi Naseer,59.53
1942,10544,Auroshika,45
1943,10545,Kannan Malhothra,45
1944,10550,Prema (New),21.18
1945,10556,Rani Larius,68
1946,10557,AT Jose,86.67
1947,10565,Harish Raj,67.32
1948,10566,Akansha Puri,67.28
1949,10573,Niranjan,67.05
1950,10574,Raveena Ravi,79.8
1951,10575,Samskruthy Shenoy,53
1952,10583,Shraddha Das,71.76
1953,10584,Monal Gajjar,71.76
1954,10627,Harilal,64.21
1955,10631,Manasy ,65.6
1956,10637,Shobhana George,57.6
1957,10638,Kottayam Rasheed,47.19
1958,10645,Baby Hrudya,76.54
1959,10652,Jolly Chirayath,68.07
1960,10665,A Devaraj,24.6
1961,10667,Janani Iyer,70.4
1962,10692,Jayaraj Century,55.89
1963,10694,TP Radhamani (AIR),85.22
1964,10697,Muhammed Musthafa,57.91
1965,10699,Anandhu Mukundan,62.96
1966,10700,Niyas,51.28
1967,10701,Ammu,45.68
1968,10702,Kalabhavan Shinto,46.8
1969,10703,Dandapani,46.8
1970,10709,Alphonse Putharen,78.14
1971,10713,Shabareesh Varma,79.82
1972,10718,Chemanchery Narayanan Nair,86.47
1973,10749,Baby Asna Salin,40.05
1974,10752,Thankamani,58.73
1975,10759,Seyfunnisa,74.88
1976,10767,Padmini Thomas,80.84
1977,10768,Nirmal Palazhi,58.75
1978,10777,Sudheer Attingal,16.6
1979,10778,Joy Mathai,68
1980,10784,Anjali Hari,28.08
1981,10785,Bharath Chand,21.84
1982,10789,Vinutha Lal (Aswathy Lal),42.67
1983,10790,Thirumurukan,35.2
1984,10791,Binoy Parappanangadi,35.2
1985,10792,Vishnu Unnikrishnan,69.69
1986,10801,Harisree Yousuf,38.08
1987,10806,Amjath Moosa,34.8
1988,10810,Munshi Ranjith,35.88
1989,10813,Sabu Thiruvalla,41
1990,10834,Abhilash (New),60
1991,10835,Nazreen Nazer,86.4
1992,10852,Kiran,50.1
1993,10853,Razak,9.36
1994,10856,Keerthana,9.36
1995,10857,Minnu Robert,9.36
1996,10858,Tincy,9.36
1997,10873,Sreeranjini,90.25
1998,10874,Sreeya Remesh,70.43
1999,10877,Anjali Aneesh Upasana,58.89
2000,10878,Anjali Krishna,70.86
2001,10882,Anjana Menon,53.97
2002,10884,Kalabhavan Jinto,39.18
2003,10887,Baby Asmi,36.48
2004,10891,Shelly Kishore,57.87
2005,10892,Anjana Appukkuttan,53.4
2006,10893,Suneeth,34.4
2007,10894,Chethan Jayalal,66.31
2008,10896,Hima Davis,66.66
2009,10899,Binu Adimali,67.28
2010,10908,Vishnu Raghav,57.57
2011,10919,Master Shambhu,85.5
2012,10931,Bobby Simha,59.26
2013,10932,Arthana Vijayakumar,77.4
2014,10933,Siju Wilson,67.95
2015,10944,Umang Jain,33.54
2016,10950,Deepika (New),50.7
2017,10958,Jean Paul Lal (Lal Jr.),66.22
2018,10961,Devaraman,70.2
2019,10970,Jacob Gregory,66.5
2020,10971,Aparna Gopinath,68.02
2021,10977,Pattanam Rasheed,73.1
2022,10979,Heera (New),34.2
2023,10986,Nisha Sarangh,69.17
2024,10987,Sasidharan Mattannur,71.25
2025,10988,Mohammed Mayyanadu,71.25
2026,10992,Tovino Thomas,67.49
2027,10993,Devaki Amma,75.33
2028,10999,Siraj,83.79
2029,11003,S George,69.42
2030,11052,Devadevan,29.6
2031,11053,Hennabella,29.6
2032,11094,Badarudeen,57.72
2033,11102,Girija (New),18.8
2034,11107,Sreeram Ramachandran,67.77
2035,11110,Rosin Jolly,49.3
2036,11111,Abhija Sivakala,68.17
2037,11112,Devika Nambiar,75.11
2038,11117,Surjith Gopinath,61.33
2039,11118,Priyanka (New),55.15
2040,11120,Archana Guptha,41.88
2041,11141,Ullas Pandalam,56.96
2042,11142,Malavika Mohanan,75.68
2043,11151,Arun V Narayan,44.37
2044,11155,Sudhakaran Nair,68.63
2045,11156,Ilavarasu,76.91
2046,11157,Prasad PR,74.7
2047,11163,Saritha Sunil,74.98
2048,11164,Sajid Yahiya,67.75
2049,11171,Sreekanth,66.22
2050,11179,Sethulakshmy,60.38
2051,11189,Pallavi Chandran,61.6
2052,11190,Ansiba Hassan,59.14
2053,11240,Kavitha Nair,62.39
2054,11246,MB Padmakumar,66.68
2055,11247,Yog Japee,75.52
2056,11248,Baby Neeraja,91
2057,11253,Jaaved Jaffrey,61.92
2058,11258,Niveditha,24.44
2059,11274,CS Venu,32.8
2060,11275,Thara Varma,32.8
2061,11286,Sasankan,67.7
2062,11293,Suresh Babu,86.4
2063,11301,Sreelakshmi Geethanandan,89
2064,11315,Prajwal Prasad,76.35
2065,11344,NN Ilayathu,68.8
2066,11350,Soumya Sadanandan,56.68
2067,11353,Asha Aravind,65.07
2068,11354,Sajan Piravam,64.28
2069,11361,Rishi Kumar,75.68
2070,11363,Chinnamma John,71.91
2071,11366,Bindu K Menon,50.02
2072,11367,Rajesh Rajan,57.38
2073,11368,Dileep Sankar,64.88
2074,11369,Satheesh Menon,53.3
2075,11378,Master Sharan,47.56
2076,11387,Sindhu Shyam Ganesh,80.37
2077,11423,Meenakshi ,72.8
2078,11428,Amina Nijam,86.4
2079,11443,Archana Jayakrishnan,67.94
2080,11445,Manju Pathrose Sunichen,61.92
2081,11449,Anna Fathima,50.79
2082,11450,Chinju Mohan,50.79
2083,11451,Anu Sithara,62.01
2084,11454,Aparna Vinod,38.54
2085,11470,Sudev Nair,66.79
2086,11473,Aziz Palakkad,62.32
2087,11494,Haritha Hareesh,49.41
2088,11504,Kani Kusruti,62.19
2089,11510,Aparna Balamurali,62.72
2090,11514,TK John,81.66
2091,11515,Anu Emmanuel,65.25
2092,11517,Sajid Lal,17.6
2093,11522,Manjusha Sajish,69.19
2094,11523,Krishna Padmakumar,65.85
2095,11524,MK Gopalakrishnan,56.7
2096,11532,Chandradasan,51.75
2097,11533,MV Suresh Babu,62.57
2098,11537,Vipin Nath,38.46
2099,11540,Shafeeq Rahman,53.73
2100,11541,Suresh Aristo,57.06
2101,11557,Venkitesh Ramakrishnan,59.04
2102,11566,Unnimaya Prasad,76.49
2103,11585,Reba Monica John,79.38
2104,11593,Jayagopal,67.86
2105,11602,Aswin kumar,71.94
2106,11606,Aima Sebastian,60.83
2107,11614,Sreekanth,38.54
2108,11619,Kanchana (Old),65.22
2109,11621,Rajitha Madhu,57.62
2110,11639,Lijomol Jose,63.13
2111,11643,Avinash,24.3
2112,11646,Nakshathra Indrajith,75.68
2113,11653,Khalid,53.73
2114,11654,Divyaprabha,60.21
2115,11676,Benstin Benny,75.33
2116,11678,Nishad Rahim,75.33
2117,11679,Praveen T Johnson,60.45
2118,11680,Sandra Joseph,75.33
2119,11681,Anil Nedumangadu,63.74
2120,11708,Leelamma Varghese,75.15
2121,11709,CR Badarudeen,72.98
2122,11714,Kollam RK Subhash,78.85
2123,11722,Krishnabhasker Mangalassery,62.2
2124,11723,Pradeep Kumar PM,65.6
2125,11724,Girish Nair,71.34
2126,11739,Shane Nigam,70.69
2127,11749,Vishakh,59.31
2128,11753,Subodh Bhave,56.7
2129,11754,Meera Nalloor,56.7
2130,11767,Nirmal Jecob,23.78
2131,11772,Thomas G Kannampuzha,77.9
2132,11779,Sneha Raj,77.9
2133,11782,Rudraksh,69.66
2134,11783,Abani Aadi,69.66
2135,11788,Vimalraj,60.3
2136,11790,Shaji,76.56
2137,11796,Juby Ninan,54.14
2138,11812,Vishak Nair,66.89
2139,11813,Anu Antony,76.95
2140,11814,Thomas Mathew ,76.95
2141,11815,Arun Kurian,69.04
2142,11816,Siddhi Mahajankatti,76.95
2143,11817,Roshan Mathew,71.17
2144,11818,Anarkali Marikar,78.11
2145,11831,Hima Sanker,65.75
2146,11833,Sajeev Pazhoor,72.24
2147,11840,Pushpa (New),18.8
2148,11862,Vinod Kedamangalam,64.44
2149,11863,Master Sidharth,70.47
2150,11866,Jason Chacko,64.8
2151,11867,Panayam Rajan,64.8
2152,11868,Vava Kottarakkara,64.8
2153,11875,Sivakumar,48
2154,11879,Shilpa,57.6
2155,11892,Sreekala (New),67.63
2156,11917,Baby Meenakshi (Anunaya),51.4
2157,11918,Bineesh Bastin,57.62
2158,11919,Naif,74.52
2159,11923,Shivajith Nambiar,51.6
2160,11925,Divina Takur,51.6
2161,11926,Aaran,51.6
2162,11937,Master Dev Prayag,69.05
2163,11938,Reina Maria,79.83
2164,11964,Adil Ibrahim,58.05
2165,11985,Priya Aanand,75.68
2166,11988,Valentina Manduchi,44.55
2167,12031,V S Achuthanandan,42.93
2168,12038,Mohan Kumar,89.88
2169,12039,Styla Raj,91
2170,12042,Srikant Murali,74.33
2171,12044,Varsha Vinu,88.32
2172,12045,Sudip Mukherjee,68.04
2173,12063,Pouli Valsan,66.09
2174,12072,RJ Appunni (Nibu),44.55
2175,12110,Kishore Varma,74.82
2176,12111,Vijina Santhosh,44.55
2177,12138,Neelima Rani,90.25
2178,12143,Manikandan R Achari,69.89
2179,12144,Ajith Tripunithura,76
2180,12145,Jikku Chacko,68.51
2181,12146,Divya Gopinath,74.78
2182,12147,MV Gopakumar,55.04
2183,12153,Arun Attingal,57.62
2184,12155,Soniya Malhar,64.5
2185,12156,Priya Mohan,37.5
2186,12157,Siji S Nair,57.62
2187,12158,Roshan,57.62
2188,12159,Riya,57.62
2189,12160,Sasikumar Rathnagiri,57.62
2190,12161,Niyaz E Kutty,57.62
2191,12162,Kamal Koottanadu,57.62
2192,12163,Misbah Koroth,57.62
2193,12164,Fazil Shajahan,57.62
2194,12165,Bava Vadakara,57.62
2195,12166,Satheesh Appukkuttan,57.62
2196,12167,Asif Vayanadu,57.62
2197,12168,Janson Joseph,57.62
2198,12169,Noushad Dil,57.62
2199,12170,Suresh Kumar Attingal,57.62
2200,12171,Harigovind,57.62
2201,12172,Rosh Don,57.62
2202,12173,Muthu Koottanadu,57.62
2203,12181,Chandramohan (New),73.04
2204,12183,KC Baby ,39.56
2205,12194,Shaji Chennai,73.1
2206,12205,KPAC Johnson,65.6
2207,12211,Sreeranjini Menon,28
2208,12214,Saniya Iyyappan,68.54
2209,12216,KK Moitheen Koya,65.32
2210,12221,Rajesh Paravoor,64.94
2211,12224,Jino John,68.8
2212,12225,Megha Mathew,70.9
2213,12226,Anjali P Nair,69.95
2214,12227,Anwar Shereef,70.07
2215,12228,Nanda Kishor,76.28
2216,12230,Tito Wilson,79.44
2217,12231,Bitto Davis,78.99
2218,12232,Binny,77.43
2219,12233,Sruthi Jayan,72.22
2220,12245,Hari Nair,70.66
2221,12251,Vinod Manasi,64.5
2222,12252,Bahaman Harippadu,64.5
2223,12253,Diseema,64.5
2224,12254,Siji Pradeep,64.5
2225,12255,Ninsy,64.5
2226,12256,Priya Rajeev,64.5
2227,12257,Baby Vaishnavi,70.02
2228,12258,Master Sarang Dev,64.5
2229,12259,Master Immanuel,64.5
2230,12260,Master Aradyan Aneesh,64.5
2231,12264,Unni Rajan P Dev,69.63
2232,12265,Master Vishal,79.12
2233,12266,Aabid Nassar,67.51
2234,12267,Preetha Pradeep,80.84
2235,12270,Vinitha Koshy,74.82
2236,12271,Manish Choudhary,73.1
2237,12272,Azees Nedumangadu,54.16
2238,12273,Maya Menon,76.85
2239,12286,Arun Nair,68.55
2240,12289,Merin Jose Pottackal,79.12
2241,12290,Reshma Anna Rajan,74.08
2242,12295,Bindu Aneesh,61.92
2243,12301,Abitha Hussain,76.54
2244,12312,Ullas Jose Chemban,79.12
2245,12348,Biju Sopanam,65.53
2246,12349,Amith Chakkalaykkal,76
2247,12350,Master Vaishnav,69.43
2248,12351,Jojet John,76.54
2249,12358,Kris Lloyd,48.16
2250,12359,sulfi,48.16
2251,12360,Vipish Kumar,48.16
2252,12361,Navas,48.16
2253,12369,Niranjana Anoop,62.59
2254,12374,Nandini Sree,62.78
2255,12386,Binu Pappu,75.66
2256,12388,Jeena Riju,72
2257,12393,Vinod Kozhikkodu,44.72
2258,12404,Gopan Kalharam,58.48
2259,12413,Sreeja Das,78.38
2260,12425,Zoya Zayed Khan,65.36
2261,12426,Neha Khan,65.36
2262,12427,Pradeep Chandran,51.95
2263,12428,Srushti Dange,65.36
2264,12429,Priyanka Agarwal,65.36
2265,12430,Ahmed Muslim,53.62
2266,12439,Koothattukulam Shyni,32.9
2267,12440,Althaf Salim,72.35
2268,12445,Praveen Ram,27.2
2269,12447,Ketaki Narayan,46.44
2270,12448,Praveen krishna,40.94
2271,12449,Santhosh Sasidharan,59.8
2272,12450,Hannah Reji Koshy,73.55
2273,12451,Nebish Benson,76.51
2274,12452,Sankar Induchoodan,65.07
2275,12456,Nandu Mohan,52.46
2276,12457,Anand Radhakrishnan,52.46
2277,12458,Jins Bhaskar,74.46
2278,12459,Anand Manmadhan,52.46
2279,12460,Dheeraj Denny,63.93
2280,12461,Chandu Nair,52.46
2281,12462,Rahul Nair,61.9
2282,12463,Balagovind,52.46
2283,12464,Beena Pushkas,52.46
2284,12465,Shyni Ambalathodi,52.46
2285,12466,Padmanabhan Thampi,39.28
2286,12467,Likha Rajan,52.46
2287,12468,Don Mathew,52.46
2288,12478,Manobala,61.94
2289,12481,Yamuna Mahesh,76.57
2290,12503,Anjali Nair,58.48
2291,12514,Pradeep Balan,17.4
2292,12516,Amrutha,53.32
2293,12517,Brucelee Rajesh,17.4
2294,12531,Sangeetha Balan,36.12
2295,12540,Koothattukulam Leela,50.76
2296,12555,Dinesh Neelakandan,58.48
2297,12561,Sibi Thomas,74.83
2298,12562,Shince Mathew,78.26
2299,12563,Madhuri Dilip,61.92
2300,12564,KT Sudhakaran,78.26
2301,12565,Dr Balachandran,78.26
2302,12566,Unniraj Cheruvathur,72.65
2303,12567,Surabhi Mundi,78.26
2304,12571,Arun Sagara ,68.8
2305,12582,Gayathri Arun,64.5
2306,12585,Jobby James,83.52
2307,12591,Veena Nandakumar,45.58
2308,12595,Jose Shonadri,85.5
2309,12614,Swami Samvidananda,59.04
2310,12618,Sayana Sunil,42.63
2311,12647,Cobra Rajesh (Action Hero Biju),52.25
2312,12656,KS Prasad,76.16
2313,12658,Unni S Nair,68.8
2314,12659,Subiksha,24.3
2315,12660,Anoop Gautam,55.76
2316,12668,George Kora,75.95
2317,12670,Anita Lukmance,60.26
2318,12674,Raashi Khanna,70.52
2319,12677,Malavika R Nair ,43.5
2320,12679,Thommy,75.2
2321,12688,Little Swayamp,79.68
2322,12691,Sarath Kumar (Sarath Appani),74.82
2323,12695,Madan Mohan,73.71
2324,12698,Vivek Gopan,50.42
2325,12711,Anaswara Rajan,52.2
2326,12715,KT Satheeshan,65.6
2327,12716,Velayudhan,65.6
2328,12717,Unni Kumbidi,65.6
2329,12718,Leo,65.6
2330,12719,Parukkutti Amma,65.6
2331,12728,Shanthi Balachandran,62.2
2332,12755,Baby Adwaitha,71.34
2333,12756,Usha S Karunagappally,71.34
2334,12762,Gouri Prakash,33.21
2335,12802,Roy Malamakkal,62.78
2336,12803,Unni Chittoor,72.57
2337,12804,Preethi,62.78
2338,12805,Nisha (New),62.78
2339,12822,Madhu Anchal,8.6
2340,12823,Punchiri Krishna,8.6
2341,12824,Rugmini Amma,8.6
2342,12825,Thanuja Karthik,35.13
2343,12826,Vivek Bhaskar Haridas,67.08
2344,12827,Meenakshi Rameshbabu,67.08
2345,12828,Haris Beegam,67.08
2346,12837,Vijilesh Karayad,70.49
2347,12850,Thirumala Ramachandran,60.45
2348,12851,Manjith Neythassery,43.5
2349,12852,Shajilal Vilappilshala,43.5
2350,12853,Sanju Salim,43.5
2351,12854,Vinod Narayanan,43.5
2352,12855,Afsal Thikkodi,43.5
2353,12856,Shaji Azees,43.5
2354,12857,Kunchan Shibu,43.5
2355,12858,Vinod A,43.5
2356,12859,Prajith Nambyar,43.5
2357,12860,Swaminathan Shekhar,43.5
2358,12861,Mijosh Morazha,43.5
2359,12862,Prajil Maniyur,43.5
2360,12863,Nidheesh Mayyil,43.5
2361,12864,Premarajan Vattavalappil,43.5
2362,12865,Shiju Ezhom,43.5
2363,12866,Master Pranav Vipin,43.5
2364,12867,Master Athmaj,43.5
2365,12868,Master Ahil Izan,43.5
2366,12869,Ushaida,58.73
2367,12870,Fathima Khamis,43.5
2368,12871,Reeba,43.5
2369,12872,Baby Varsha,43.5
2370,12873,Baby Anitha,43.5
2371,12874,Baby Theertha,43.5
2372,12875,Baby Amal Khammis,43.5
2373,12898,Durga Krishna,68.8
2374,12941,Arham Thiruvananthapuram,17.4
2375,12946,Ajith Kollam,57.75
2376,12983,Dini Daniel,66.5
2377,13036,Basil Mathew,48.16
2378,13043,Rajesh Babu,77.4
2379,13050,Dr. Rajesh Raju George,69.6
2380,13053,Kandan Jose,69.6
2381,13054,RJ Shambhu,69.6
2382,13055,Munshi Dileep,68.52
2383,13056,Akshaya Premnath,76.8
2384,13057,Jilu,69.6
2385,13058,Anitha Dileep,69.6
2386,13059,Arun Bahubali,69.6
2387,13060,Pala Aravindan,63.84
2388,13061,Vineetha Koshy,69.6
2389,13062,Annie Raju George,69.6
2390,13063,Ananthakrishnan,69.6
2391,13064,Ann Suman,69.6
2392,13065,Master Dev Krishna,69.6
2393,13066,Varkichan,69.6
2394,13067,Mathai,69.6
2395,13068,Janki,69.6
2396,13069,Geeth Nithin,69.6
2397,13070,Shibu Kuriakose,69.6
2398,13071,Dr. Amar,69.6
2399,13072,Najeeb Malhar,69.6
2400,13073,Sasikumar Carnival,69.6
2401,13074,DR. Robin George,69.63
2402,13075,Suresh K Karun,69.6
2403,13076,AP Anilkumar,69.6
2404,13077,Johny Thottungal,69.6
2405,13078,Ratheesh Ankamali,69.6
2406,13079,Sidhan Kodungallur,69.6
2407,13080,Bhageerathan Kodunagallur,69.6
2408,13081,Dr. Ganesh,69.6
2409,13082,Shibu Issac,69.6
2410,13083,Binoy K Paul,69.6
2411,13084,Sujith Kozhikodu,69.6
2412,13085,Rajesh Thakazhi,67.86
2413,13091,Roshna Ann Roy,57.9
2414,13092,Siyadh Shajahan,64.5
2415,13104,Manoj Varghese Parecattil,61.77
2416,13116,Zakariya,79.98
2417,13151,Divya S Iyer,17.4
2418,13184,Sarasa Balussery,64.66
2419,13185,Savithri Sreedharan,62.16
2420,13187,Unni Nair,70.67
2421,13188,Abhiram Pothuval,80.4
2422,13189,Navas Vallikkunnu,84.16
2423,13190,Najeeb Kuttippuram,83.52
2424,13191,Ashraf Hamsa,83.52
2425,13192,Mashar Hamsa,83.52
2426,13193,Lukman Lukku,79.12
2427,13201,Sharu Varghese,78.3
2428,13206,Mridul Nair,78.69
2429,13214,Nisthar Sett,73.87
2430,13222,Libin Karuvelil,17.4
2431,13223,Jose Kumbiliveli,17.4
2432,13224,Jerry Varghese,17.4
2433,13225,Shameer Kotty,17.4
2434,13226,Bency Kurissinkal,17.4
2435,13227,Meriya Rajesh ,17.4
2436,13229,Aani,17.4
2437,13230,Manju Thuravoor,17.4
2438,13231,Bindhu Kasarkode,17.4
2439,13233,Roy,17.4
2440,13234,Baby Anju,17.4
2441,13235,Baby Lulu,17.4
2442,13236,Master Jonas,17.4
2443,13237,Baby Rajalakshmi,17.4
2444,13238,Baby Nisi,17.4
2445,13240,Master Alan,17.4
2446,13241,Raja Moidhu,17.4
2447,13243,Nikkole,17.4
2448,13244,Joly Thadathil,17.4
2449,13245,Mercy Joly,17.4
2450,13247,Neha Radhakrishnan,63.64
2451,13258,Shiny T Rajan,72.86
2452,13296,Sathyadas Kamjiramkulam,57.42
2453,13304,Vijay Sankar,73.61
2454,13325,Tanvi Ram,86.4
2455,13361,Shani Shaki,80.04
2456,13364,Arjun Sarja,80.04
2457,13373,Linda Kumar,43
2458,13381,Mamitha Baiju,71.34
2459,13401,Rani Sarran,79.17
2460,13407,Jayaraj Mithra,43.5
2461,13408,Samyuktha Menon,80.84
2462,13438,Babu Annur,63.96
2463,13442,Shyam Sheetal ,57.42
2464,13445,Master George,77.43
2465,13446,Aadhil Unais Hussain,77.43
2466,13447,Arumugan,61.7
2467,13453,Pragya Jaiswal,59.16
2468,13454,Chalapathi Rao,59.16
2469,13455,Tarun Arora,63.12
2470,13456,Aadhi,59.16
2471,13469,Reju Pillai,59.86
2472,13470,Baiju Balan,39.5
2473,13471,Stanly Edattukaran,59.86
2474,13472,Jayshankar,59.86
2475,13473,Vishnu Dath,59.86
2476,13474,Deepa Divakar,59.86
2477,13475,Athira Sukumaran,59.86
2478,13479,RLV Ramakrishnan,78.3
2479,13480,Sonia Agarwal,26.1
2480,13494,Vineeth Mohan,61.58
2481,13496,Robin Machan,43.5
2482,13518,Ganesh Venkatraman,44.8
2483,13529,Harith,66.12
2484,13552,Dhiphul MR,19.14
2485,13560,Remya S Panicker,61.92
2486,13582,Michelle Ann Daniel,64.5
2487,13583, Vaishak Pavanan,64.5
2488,13586,Jeevan Gopal,57.62
2489,13593,Sunny Leone,71.38
2490,13597,Vandhitha Manoharan,19.14
2491,13598,Mohan Ollur,19.14
2492,13599,Ala Lakshman,19.14
2493,13615,Manoj Guiness,61.05
2494,13616,Eldho Mathew,80.02
2495,13617,Ashwin Jose,74.86
2496,13618,Arun Das,81.78
2497,13619,Jenson Alappat,81.78
2498,13620,Junice I V,64.71
2499,13636,Steby Cheriyakkal,48.72
2500,13671,Anil Nagamadom,57.42
2501,13673,Rajani Murali,65.9
2502,13679,Ramesh Krishna,63.51
2503,13681,Colonel Mohandas,63.51
2504,13682,Rekha Sreekumar,63.51
2505,13688,Nila Noushad,62.22
2506,13696,Jeevika,72.9
2507,13700,Uma Nair,59.76
2508,13702,Maria John,55.94
2509,13707,Kichu Tellus,70.89
2510,13722,Naveen Nazim,87.3
2511,13733,Aparna Nair,57.57
2512,13739,Sindhu Manu Varma,74.82
2513,13749,Shalu Rahim,69
2514,13751,Harinarayana Varma,76.56
2515,13752,Baby Parthavi,76.56
2516,13753,Shebin Benson,65.98
2517,13763,Rajamani (Senthil Krishna),56.09
2518,13792,Devika (New),77.43
2519,13793,Beegam Rabiya,61.49
2520,13794,Kiran Aravindakashan,58.47
2521,13802,Kiran Mohan,60
2522,13806,P Sivadas (Sivadas Kannur),76.35
2523,13809,Saranya Anand,54.17
2524,13810,Shruthi Bala,72.21
2525,13813,Varsha,86.4
2526,13814,Aardra,30.45
2527,13816,Badhrilal ,70.52
2528,13826,Indian Pallassery,64.97
2529,13844,Manoj Pillai,44.3
2530,13847,Nivi Viswalal,79.17
2531,13848,Bibin Perumbilikunnel,79.17
2532,13856,Gayathri Krishna,56.76
2533,13877,Prakash Chengal,72.44
2534,13878,Aneesh Ravi,72.21
2535,13912,Rajesh Kottayam,26.1
2536,13914,Sunil Vikram,26.1
2537,13915,Muhammad Prakash,26.1
2538,13916,Ananthu Shaji,26.1
2539,13923,Unni,52.29
2540,13926,Kripesh Ayyappankutty,61.77
2541,13950,Baby Lara,64.38
2542,13975,Nitha Promy,59.12
2543,13977,Dan Austin,74.82
2544,13982,Nidhi,52.93
2545,13985,Alvin,49.88
2546,13986,Jenson,54.52
2547,13995,Daya Bhai,38.54
2548,14006,Anand Kumar,76.8
2549,14009,Rahul Ravi,63.8
2550,14034,Master Aadish (Adish Praveen),70.66
2551,14051,Narayanan Pulinchithaya,62.64
2552,14088,Baby Mia,63.51
2553,14091,Sowmya Menon,73.96
2554,14112,Devi S,86.48
2555,14117,Arjun Lakshmi Narayan,43
2556,14118,Dony Xavier ,43
2557,14140,Harishanth Sharan,56
2558,14154,Binu Thrikkakkara,74.82
2559,14162,Darshana Rajendran,79.78
2560,14166,Salaam Bukhari,74.88
2561,14184,Manju Vani,75.57
2562,14193,Basil Paulose,73.98
2563,14198,Neeraja,66.51
2564,14222,Kunjumuhammed,66.66
2565,14246,KPAC Leelakrishnan,55.04
2566,14248,Gandhiyan Chacha Sivarajan,55.04
2567,14249,Kalanilayam Ramachandran,55.04
2568,14255,Vinod Ponnani,71.28
2569,14271,CR Rajan,78.3
2570,14273,Drishya Raghunath,71.28
2571,14279,Tharushi Jha ,77.43
2572,14283,Aaryan Krishna Menon,63.74
2573,14284,Navajith Narayanan,63.18
2574,14310,Dhanesh Anand,75.3
2575,14311,Kevin Jose,69.6
2576,14312,Sajin Cherukayil,74.51
2577,14314,Nitish Ramesh,69.6
2578,14315,Archana Vasudev,73.07
2579,14316,Athulya Nair,69.6
2580,14317,Jayasankar Ramaswamy,69.6
2581,14318,Sooraj Ramakrishnan,69.6
2582,14323,Harikumaran Thampi,73.88
2583,14327,Sidhu R Pillai,76.36
2584,14344,Krittika Pradeep,66.66
2585,14347,Sneha Divakaran,62.1
2586,14348,Aneesh Gopal,66.75
2587,14349,Manu Pillai,79.17
2588,14350,Mithun Nalini,79.17
2589,14351,Siyad Yadu,79.17
2590,14361,Jennifer Antony,66.48
2591,14362,Arya Salim,75.93
2592,14363,Alma Anit,81.78
2593,14364,Baby,69.88
2594,14375,Ummer Sharaf,17.2
2595,14379,Rushin,69.66
2596,14406,Srikanth Mohan,67.86
2597,14407,Renjit Shekar Nair,67.86
2598,14412,Nora Fatehi,80.04
2599,14423,RK Suresh,74.41
2600,14424,Vinod Krishnan,9
2601,14441,Master Al Sabith,82.65
2602,14456,Bindu Delhi,63.38
2603,14502,Venkurinji Gopinath,26.1
2604,14503,Jaya Babu ,26.1
2605,14504,Joe Garner ,26.1
2606,14505,Jibin K Joseph ,26.1
2607,14506,Hareesh Purushothaman ,26.1
2608,14507,KC Vijayamma,26.1
2609,14508,Biju Madhavan,26.1
2610,14509,Anil Illavoor ,26.1
2611,14510,MK Suresh Babu ,26.1
2612,14511,Mia Asharaf,26.1
2613,14512,Benny Kothamangalam,26.1
2614,14513,Master Evaan Immanuvel,26.1
2615,14514,Master Kevin Valsalan,26.1
2616,14517,James Parackal,67.66
2617,14519,Rajiv Rajan,59.13
2618,14520,Kiran Madhav,62.32
2619,14521,Sandeep Mohan,62.32
2620,14522,KPK Vengara,76.76
2621,14526,Thajudeen Vadakara,62.32
2622,14527,Sivadasan Mattannur,62.32
2623,14528,Madhavan Edappal,62.32
2624,14529,Aneesh Permpilavu,62.32
2625,14530,Roji,62.32
2626,14540,Sinoj Varghese,67.96
2627,14556,Master Milan,64.38
2628,14558,Sunil Surya,66.99
2629,14567,Aiswarya Unni ,59.16
2630,14569,Praveen Jacob,61.77
2631,14570,Zhinz Shan,61.77
2632,14571,Ajayakumar ,61.77
2633,14572,Vimal Somashekhar ,61.77
2634,14573,Akhil Venu ,61.77
2635,14588,Puthillam Bhasi,68.55
2636,14596,James Elia,68.93
2637,14605,Sooraj Kumar,71.04
2638,14606,Rinkuraj,56.76
2639,14607,Jaysappan Mathai,56.76
2640,14608,Rajesh Punaloor,56.76
2641,14609,Anju Nair,68.88
2642,14610,Manacaud Leela,56.76
2643,14618,Anju Kurian,75.66
2644,14626,Koshy,71.06
2645,14628,Athira Patel,77.62
2646,14629,Anoop Krishnan,52.4
2647,14639,Hareesh Pengan,64.92
2648,14641,Vasudev,30.45
2649,14642,Nitheesh,30.45
2650,14643,Haris Ankakalari,30.45
2651,14644,Ajman Nasar,30.45
2652,14645,Ashwathi,30.45
2653,14646,Ali Koya,30.45
2654,14652,Dom Dominic,71.34
2655,14669,Venkitesh VP,66.12
2656,14671,Rosshan Chandra,73.6
2657,14672,Varijakshan Nambiar,66.99
2658,14673,Arun Kumar,69.6
2659,14675,Suku N Nair,73.01
2660,14676,Sudhi Panoor,74.79
2661,14679,Usha Payyannur,66.99
2662,14680,Sadanandan Chepparamba,72.62
2663,14681,Rashid Patharakkal,66.99
2664,14682,Manoj P T,76.69
2665,14683,Dijesh Kunhukuttan,66.99
2666,14684,Prasad Muhamma,69.6
2667,14685,Mani,73.93
2668,14686,Kannan Nair,49.85
2669,14690,Murali Vaayaattu,83.42
2670,14695,Anuroop,66.99
2671,14699,Reji Thampi,48
2672,14701,Anil Plavodu,48
2673,14702,Christy Jerald,48
2674,14705,Master VH Raihan,81
2675,14718,Prasanth,60.2
2676,14720,Ambu Nettayam,48
2677,14721,Restam,48
2678,14722,Jayan Karunji,48
2679,14723,Shahul Hameed,48
2680,14725,Radha Thirumala,48
2681,14726,Midhuna Dhanapal,48
2682,14732,Bipin Emily,63.2
2683,14733,Balakrishnan Pappinissery,63.2
2684,14736,Nishad Joy,56.55
2685,14737,Sunny Kalluppara,56.55
2686,14738,Balu Menon,56.55
2687,14739,Valsa Thoppil,56.55
2688,14740,Rinta Roni,56.55
2689,14741,Shyni George,56.55
2690,14742,Tina Nair,56.55
2691,14743,Ezharasi,56.55
2692,14744,Renil Radhakrishnan,56.55
2693,14745,Amith Pullarkattu,56.55
2694,14746,Aravind P,56.55
2695,14747,Laisy Alex,56.55
2696,14748,Radha Mukundan,56.55
2697,14749,Francis Clament,56.55
2698,14753,Kunjikkuttan Thampuran,67.67
2699,14760,Mahesh (New),86.58
2700,14762,Aroul D Shankar,60.3
2701,14763,Ashmi Rajan,60.3
2702,14765,Sundar Pandian,67.13
2703,14766,Sam Sibin,73.17
2704,14769,Reshmi Anil,60.96
2705,14783,Jyothi Anand,55.11
2706,14788,Karakulam Chandran,83.6
2707,14794,Janakaraj ,68.73
2708,14795,Parameshwaran ,68.73
2709,14796,Manian Pillai ,68.73
2710,14798,Manoj Pillai ,68.73
2711,14799,Vishnu Vardhan ,68.73
2712,14800,Priya ,68.73
2713,14801,Mano ,68.73
2714,14802,Anu ,68.73
2715,14803,Jayaram ,68.73
2716,14805,Balasubhramaniam ,68.73
2717,14806,Kerala Verma Raja ,68.73
2718,14807,Sudasen ,68.73
2719,14808,Arul ,68.73
2720,14809,Seenu ,68.73
2721,14810,Sasi (New),68.73
2722,14839,Manoj Joshi,66.12
2723,14845,Jinoy Janardhanan,45.58
2724,14846,Jibit George,45.58
2725,14848,Muhammed Perambra,78.25
2726,14849,Dain Davis,73.66
2727,14850,Thejus Jyothi,66.12
2728,14852,Remya Suresh,66.98
2729,14853,Shilpa Tulaskar,81.78
2730,14856,Asha Sreekanth,63.65
2731,14857,Rajendran Thayat,58.26
2732,14861,Gokulan,69.95
2733,14863,Deepak Dharmadam,65.79
2734,14864,Motta Rajendran,67.01
2735,14866,Nisa,55.91
2736,14870,Anitha Nair,75.58
2737,14874,Baby Neelanjana,85.5
2738,14877,Premkumar ,61.92
2739,14878,Master Harish,69.66
2740,14879,Bachan Ashraf,78.01
2741,14882,Susheel Thiruvangad,71.19
2742,14884,Jathavedh Rajan,69.66
2743,14886,Neeraja S Das,65.7
2744,14887,Jithin Puthenchery,70.52
2745,14888,Renji Kankol,83.42
2746,14890,Ann Sheethal,75.68
2747,14891,Raveena Nair,63.64
2748,14895,Anand Nag ,82.65
2749,14906,Vijay Sethupathi,78.26
2750,14920,Madhusoodanan,80.84
2751,14932,Aan,66.12
2752,14933,Vishwam,66.12
2753,14934,Malavika,66.12
2754,14945,Baiju Netto,71.34
2755,14946,R Reju Pillai,71.34
2756,14948,Ratheesh Balakrishnan Poduval,83.42
2757,14958,Sminu Sijo,82.18
2758,14959,Malavika Sivadas,82.65
2759,14960,Aishwarya S Menon,82.65
2760,14970,Sayana Krishna,28.86
2761,15003,Suneesh Kuttiady,57.42
2762,15005,Aymanam Sajan,57.42
2763,15006,Ivaan Surya,57.42
2764,15007,Anoop Balu,57.42
2765,15008,Pavizham Rakesh,57.42
2766,15010,Ajin Shaji,50.61
2767,15012,Rajesh Madhavan,72.32
2768,15015,Rajeevan Vellur,82.31
2769,15031,Ayilyan,52.2
2770,15048,Rinsa Jecob,77.25
2771,15057,Bhanumathi Payyannur,83.42
2772,15098,Geethi Sangeetha,70.52
2773,15099,Sobhita Dhulipala,76.54
2774,15137,Sreeji Gopinath,64.93
2775,15138,Aneesha Seena,50.74
2776,15139,Ramesh Gopal,77.4
2777,15140,Stella,77.4
2778,15141,Sasikumar (Kakkimutta),77.4
2779,15142,Sreeja (New),77.4
2780,15143,Kavitha Suresh,89
2781,15144,Niharika S Mohan,64.74
2782,15145,Nandan Unni,64.71
2783,15146,Mereena Michael,53.32
2784,15159,Assim Jamal,64.56
2785,15164,Sarath Sabha,54.16
2786,15178,Saranjith,70.52
2787,15202,Sajan Sagara,90
2788,15249,CJ Kunjukunju,75.69
2789,15258,Santhosh Krishnan,77.3
2790,15274,Kollam Siraj,32.11
2791,15276,Grace Antony,76.73
2792,15277,Mathew Thomas ,84.05
2793,15278,Ramesh Thilak ,76.82
2794,15279,Jasmine Metivier ,81.7
2795,15280,Sheela Rajkumar ,81.7
2796,15290,Sini Abraham,68.54
2797,15314,Giju John,77.74
2798,15315,Murugan,77.4
2799,15316,Master Adarsh ,77.4
2800,15317,Baby Angelina ,77.4
2801,15318,Baby Helen ,77.4
2802,15319,Master Abhimanyu ,77.4
2803,15320,Frank Free,77.4
2804,15321,Waluscha De Sousa,77.4
2805,15335,Veena Nair,45.58
2806,15342,Irshad Hameedh,18
2807,15421,Dhanya Ananya,78.01
2808,15440,Santhu Bhai,65.36
2809,15460,Nikki Hulowski,79.12
2810,15468,Dinoy Paulose,82.56
2811,15479,Dona Mariya Anthraper,25.8
2812,15480,Anju Reena Varghese,25.8
2813,15481,Arun Chandran,25.8
2814,15482,Areej Ouph,25.8
2815,15531,Shivjith,77.4
2816,15532,Hareesh Uthaman,76.61
2817,15533,Vijayakumar,73.78
2818,15537,Sooraj Pops,79.98
2819,15538,Nithin George,79.16
2820,15543,Noble Babu Thomas,81.7
2821,15544,Naslen,82.56
2822,15545,Franco Francis,82.56
2823,15546,Vaisakh Vijayan,82.56
2824,15547,Reneesh,82.56
2825,15548,George Wincent,82.56
2826,15670,Ilhan Layiq,50.63
2827,15671,Sooraj Thelakkad,64.98
2828,15672,Prasanna,38.7
2829,15704,Raghavan Kookkal,72.65
2830,15705,Jayaraj Kozhikkode,82.4
2831,15706,Naveen R Mohanan,39
2832,15707,AKS Nambiar,77.4
2833,15710,Benny John,77.4
2834,15713,Varsha Venugopal,77.4
2835,15714,Arathi Unni,77.4
2836,15715,Malavika Narayan,62.1
2837,15716,Shivadas Menon,77.4
2838,15717,Hanif Shaan,77.4
2839,15718,Raghunath Cheriyath,77.4
2840,15719,Joseph Jacob,77.4
2841,15720,Swaraj Gramika,74.39
2842,15721,Joseph EA,74.98
2843,15722,Aleyamma,74.7
2844,15723,Janardhanan Payyannur,74.7
2845,15724,Sruthy Suresh,63.64
2846,15727,Arbaaz Khan,71.1
2847,15729,Sarjano Khalid,67.37
2848,15730,Gatha,71.1
2849,15731,Krishna,83.66
2850,15733,Sumangal,75.22
2851,15735,Kannan Sagar,60.57
2852,15736,Kottayam Ramesh,74.52
2853,15737,Anjana Chandran,82.77
2854,15738,Bharathan Nileshwaram,62.1
2855,15762,Akshay Radhakrishnan,71.38
2856,15769,Prachi Tehlan,67.08
2857,15794,Smitha Ambu,86.4
2858,15796,Palanisamy,64.78
2859,15797,Sarojini,64.78
2860,15798,Shibu,64.78
2861,15799,AJ,64.78
2862,15800,Mohanan,64.78
2863,15801,Baby,64.78
2864,15802,Kada Mooppathi,64.78
2865,15803,Nanchi Mooppathi,64.78
2866,15804,Naveen Raj,64.78
2867,15805,Shaju,64.78
2868,15806,Ravi,64.78
2869,15807,Sajan Sindhu,64.78
2870,15808,Satheesh,64.78
2871,15809,Binoy,64.78
2872,15810,Suresh,64.78
2873,15811,Sivaranjini,64.78
2874,15812,Nanjamma,85.5
2875,15842,Peter Hayne,73.1
2876,15851,Mime Gopi,38.7
2877,15857,Ramesh Varma,82.59
2878,15899,Manohari Amma,81.7
2879,15904,Jasveer Kaur,91.2
2880,15927,Baby Thamanna,81
2881,15928,Sree Renjini,82.56
2882,15929,Gopika Ramesh,82.56
2883,15930,Binny Rinky Benjamin,80.84
2884,15931,Midhun Gopinath,82.56
2885,15933,Vineeth Viswam,80.84
2886,15937,Shiyadh ,60.16
2887,15938,Gautham Vasudev Menon,79.2
2888,15940,Vaishnavi Venugopal,75.47
2889,15941,Neethu Bala,76.54
2890,15942,Hansika Krishna,76.54
2891,15945,Jishnu Sathyan,63.64
2892,15946,Akhil Manoj,63.64
2893,15947,Margaret Antony,63.64
2894,15948,Nayana Elza,63.64
2895,15955,Rajkiran,77.4
2896,15958,Kollam Sudhi,64.59
2897,15959,Asif Basra,71.1
2898,15981,Fahim Safar,63.64
2899,15982,Harisankar,63.64
2900,15983,Sanju KS,63.64
2901,15984,Madhu Punnapra,69.66
2902,15985,Nisar,79.27
2903,15990,Indu,66.5
2904,15995,Karthika,34.2
2905,15996,Geeta Poduval,38.4
2906,15998,Suhasini Menon,76.5
2907,15999,Pazhaniswamy S. Attappady,85.5
2908,16000,Vinod Thomas,85.5
2909,16001,Renith Elamadu,85.5
2910,16002,Nandu Anand,85.5
2911,16003,Saleesh N. Sankaran,85.5
2912,16004,Benzi Mathews,85.5
2913,16006,Baby Avani,76.68
2914,16007,Hariprashanth,79.98
2915,16008,Anju Mary,81.7
2916,16009,Jordi Poonjar,82.61
2917,16010,Kunjumon Kochikkala,81.7
2918,16011,Anu Sunil,81.7
2919,16012,Ben Thomas Jijo,81.7
2920,16013,Sindhu,56.86
2921,16014,Ann Saleem,79.98
2922,16015,Noushad Ali,79.98
2923,16016,Preeti Nambiar,79.98
2924,16017,Vaisakh Shankar,79.98
2925,16020,Stunt Silva,56.76
2926,16024,Mohan Kartha,9
2927,16029,Shohaib Khan Rawther,74.1
2928,16047,Ancy John,96
2929,16051,Kannan Paravoor,88.85
2930,16053,Surendran Idamulla,9.36
2931,16056,Rasiya Thathamangalam,50.76
2932,16058,Khan Saab,58.27
2933,16066,Dr. George Mathew,72
2934,16070,Prajusha,53.4
2935,16072,Chandu Salim Kumar,53.6
2936,16074,Bonny Mary Mathew,79.54
2937,16075,Jerin,57.27
2938,16076,Siby David,57.27
2939,16077,Hakkim Shah,78.71
2940,16078,Sivakumar Sopanam,78.1
2941,16079,Mithuna Rajan,78.3
2942,16080,Zubin N,78.3
2943,16082,Baby Mira,78.3
2944,16083,Chandrakanth,89
2945,16086,Ashraf Thangal,83.52
2946,16088,Kalabhavan Jayesh,70.07
2947,16102,Ashraf Pilakkal,56.16
2948,16104,Souparnika ,75.12
2949,16109,Master Arunamshu Dev,69.06
2950,16111,Nimasree,68.35
2951,16112,Shyama Sasidharan,70.2
2952,16115,Sidheek Kodiyathur,83.52
2953,16116,Nasar Karutheni,83.52
2954,16118,Hikmathullah,83.52
2955,16119,Shivakumar,72
2956,16120,Vasantha Rajagopal,90.25
2957,16121,Geetha Ravishankar,90.25
2958,16122,Master Hafis Muhammed,77.9
2959,16123,Unni Ariyanoor,77.9
2960,16124,Antony Kalathil,77.9
2961,16125,Aloysious Panikulangara,63
2962,16126,Prakash Belawadi,80.84
2963,16129,Prasanth Babu,86.48
2964,16139,Jagadeesh Prasad,48
2965,16142,Aanand,69.01
2966,16170,Sudhin,83.66
2967,16189,Satish Sharma,80.84
2968,16190,Rukhsar Rehman,80.84
2969,16191,Ujjwal Chopra,80.84
2970,16192,Prashant Nair,78.19
2971,16193,Eric Zachariah,80.84
2972,16194,Sal Yusuf,78.93
2973,16195,Rajesh Babu,80.84
2974,16196,Swathy Narayanan,77.9
2975,16197,Roshni Singh,77.9
2976,16198,Tara Ranjith Sankar,77.9
2977,16199,Ashok Kumar,56.58
2978,16200,Pradeep,56.58
2979,16201,Parthasarathy,56.58
2980,16202,Santhosh AV,56.58
2981,16203,Kalyan,56.58
2982,16204,Vappukka,56.58
2983,16205,Sinu Pillai,46.8
2984,16206,Varada Sethu,46.8
2985,16207,Subhashini Vasu,46.8
2986,16208,Manoj Shiva,46.8
2987,16209,Viji Varghese,46.8
2988,16210,Rincy BinuDev,46.8
2989,16211,Semmalar Annam,56.76
2990,16215,Anoop Vickraman,75.35
2991,16216,Shivarthy,68.8
2992,16217,Gopan Karunagappally,68.8
2993,16218,Sindhu Reji,68.8
2994,16219,Vadivukkarasi,64.78
2995,16220,Chinnu Chandni,74.52
2996,16221,Sanil Shanavas,79.17
2997,16234,Master Arun Krishnan,78
2998,16235,Jayakrishnan (New),78.22
2999,16242,Abu Valayamkulam,61.92
3000,16251,Maheen,79.17
3001,16267,Dr Uma,79.17
3002,16270,Master Venkitesh,73.6
3003,16272,Sandeep Sreedhar,9
3004,16281,Nidhinraj,79.17
3005,16283,Karthik Prasad,60.96
3006,16284,Indu Mohan,88.65
3007,16292,Chandran Thrissur,78.02
3008,16297,Nidhin K Sunny,80.64
3009,16299,Davia Mary Ben,79.17
3010,16300,Ashik Padinjattil,66.5
3011,16301,Kalesh Kannattu,65.81
3012,16302,Ivana,74.52
3013,16305,Nilja,86.4
3014,16306,Anaga,86.4
3015,16307,Mohammad Eravattoor,86.4
3016,16308,Manoj KV,86.4
3017,16309,Aarya,86.4
3018,16311,Uma KP,82.56
3019,16312,Manoj Cheekkilode,73.82
3020,16313,Kottarathil Thampi,74
3021,16320,Narayanan,63.65
3022,16321,Renjith Chengamanad,80.12
3023,16323,John Clarinet,82.56
3024,16324,Shahid Shameem,82.56
3025,16325,Mubeena Hamza,82.56
3026,16326,Latheef Kuttippuram,82.56
3027,16327,Roopa Lakshmi,82.56
3028,16328,Dr. Haris Saleem,82.56
3029,16329,Manu Aliyan,82.56
3030,16330,Mersheena Neenu,82.56
3031,16335,Praveen Anidil,63.96
3032,16337,Monisha Sagar,56.73
3033,16338,Ananth Nag,77.08
3034,16340,Justin John,77.08
3035,16341,Franco Davis,76.54
3036,16342,George P Roy,77.08
3037,16343,Shiney Sarah,51.3
3038,16344,Jithin Salim,51.3
3039,16350,Parvathy Rajan Sankaradi,51.3
3040,16351,Sanju Unnithan,51.3
3041,16352,Chilamban,51.3
3042,16353,Anil K Reji,72.54
3043,16354,Pranoy Varghese,72.54
3044,16355,Fabin Raveendran,72.54
3045,16356,Reshma Sebastian,77.08
3046,16357,Shereej K Basheer,75.56
3047,16358,Gautam Pisharody,76.8
3048,16359,Master Ilhan,76
3049,16360,Sudheer Sufi,86.4
3050,16361,Baby Siyona,86.4
3051,16362,Omkar Das Manikpuri,78.26
3052,16363,Chien Ho Liao,78.26
3053,16364,Bhagwan Tiwari,78.26
3054,16365,Easwari Rao,78.26
3055,16366,B Shantanu,78.26
3056,16367,Aby Prabakar,81.7
3057,16368,Lakshmi Marikar,81.7
3058,16369,Jasmine Kavya,81.7
3059,16370,Laly P Marikar,81.7
3060,16385,Sija Rose,76.5
3061,16386,Soolapani,83.52
3062,16387,Sreeja Thalanadu,83.52
3063,16388,Noby Thalanadu,83.52
3064,16389,Sheeba Prasanth,83.52
3065,16390,Sajeev Nair,83.52
3066,16391,Vineeth Thattil,79.12
3067,16392,Shyambhavi Suresh,83.52
3068,16393,Safvan Cheerangan,83.52
3069,16394,Suresh MP,83.52
3070,16395,Anna Jinu Vallanattu,83.52
3071,16397,Shyam Antony Chemban,79.12
3072,16398,Anson Antony,79.12
3073,16399,Libin Kottarathil,79.12
3074,16400,Amrutha Anna Reji,79.12
3075,16401,Thondanga Jose,79.12
3076,16402,Benny Varghese,79.12
3077,16403,Murukan Martin,79.12
3078,16404,Sreekanth Dasan,79.12
3079,16405,Akash Dev,79.12
3080,16406,John Manjapra,79.12
3081,16408,Salam Bukhari,72.88
3082,16409,Flower Battsetseg,75.2
3083,16410,Raj Kalesh,77.44
3084,16411,Salini Joe,59.04
3085,16412,Blessy Silvaster,59.04
3086,16413,Sonia Kohli,59.04
3087,16414,Thanima Manoj,59.04
3088,16415,Bikramjit Gupta,59.04
3089,16416,Jay,71.38
3090,16417,Sandra Maria Sunil,61.92
3091,16418,Sarvajith Santhosh Shivan,82.8
3092,16419,Eloor Das,81.78
3093,16420,Kashinathan KR,81.78
3094,16422,Jiya Irani,74.4
3095,16423,Bhagath Abrid,74.4
3096,16424,Sui Joseph,74.4
3097,16425,Sunitha CV (Sunitha Ajithkumar),73.96
3098,16426,Shobhana Singh,77.16
3099,16427,Master Davinchi,79.12
3100,16428,Binoy Nambala,75.2
3101,16429,Prashanth Murali,79.12
3102,16430,Anoprabha,79.12
3103,16431,Shobha Conso,79.12
3104,16432,PM Abu Fort Kochi,79.12
3105,16433,CP Maneksha,79.12
3106,16439,Ravi Jose Thanikal,79.12
3107,16441,Melissa Raju Thomas,76.54
3108,16442,Shashank Arora,76.54
3109,16443,Harish Khanna,76.54
3110,16444,Oshein Mertil,76.8
3111,16445,Lekshmi Nanda Kishore,73.96
3112,16446,Sunny Kottayam,76
3113,16447,Harry Key,75.2
3114,16448,Robin Pratt,73.22
3115,16449,J Brandon Hill,75.2
3116,16450,Tommy Donelly,75.2
3117,16451,Glen David Short,75.2
3118,16452,Len Prasad,79.27
3119,16453,Stacen varghese,77.76
3120,16454,Bobby Mohan,73.71
3121,16455,Shilpi Marwaha,64.74
3122,16456,Viji Chandrasekhar,77.9
3123,16457,Amritha Anil,60
3124,16458,Manasa Radhakrishnan,73.96
3125,16459,Raja Azeez,73.96
3126,16460,Sherly Somasundaram,73.6
3127,16461,Lakshmi Sanal,70.01
3128,16462,Shikha,73.96
3129,16463,Arun S I,73.96
3130,16464,Sreejith Pokkan,73.96
3131,16465,Jelu,73.96
3132,16466,Sujeer KT,73.96
3133,16467,Jayanath,73.96
3134,16469,Arun Zachariah,73.96
3135,16470,Anand Swami,76.8
3136,16471,Sibi Kuruvilla,76.8
3137,16472,Venuji,38.7
3138,16473,Deepak Nathan,74.1
3139,16474,Pushpa Mathew,74.88
3140,16475,Charlie ,73.32
3141,16476,Crane Manohar,73.32
3142,16477,Abijith Paul,73.32
3143,16479,Paloma Monappa,74.88
3144,16480,Dhritiman Chatterjee,74.88
3145,16481,Ena Saha,74.88
3146,16482,Natasha Shanavas,79.98
3147,16483,Vijayan Maash,79.98
3148,16489,Gourav A Nair,79.98
3149,16490,Haseen Salva,79.98
3150,16491,Navaneeth Krishnan,79.98
3151,16492,Sujatha Sasikumar,79.98
3152,16493,Arushi Mudgal,79.2
3153,16494,Arjun Ratan,79.2
3154,16495,Aurrima Marechal,79.2
3155,16496,Ishika Anaya,79.2
3156,16497,Satvik Sankhyan,79.2
3157,16498,Bipin Jose,74.52
3158,16499,NP Suhaid,74.52
3159,16500,Anjana Haridas,60.84
3160,16501,Saji Sopanam,61.38
3161,16502,Attukal Thampi,60.84
3162,16503,Prem Manoj,60.84
3163,16504,Girija Rajendran,60.84
3164,16505,Dr Ambikasuthan,64.8
3165,16506,Mini KS,64.8
3166,16508,Rajshri Deshpande,61.92
3167,16509,Ambi Neenasam,66.65
3168,16510,Ratheesh Sundar,70.95
3169,16511,Guru Somasundaram,67.86
3170,16512,Jinu Ben,67.86
3171,16513,Jins Varghese,72.21
3172,16514,Keerthana Poduwal,71.38
3173,16515,Sashikala Nedungadi,71.38
3174,16516,Ajith Moorkoth,81.7
3175,16517,Ansal Palluruthy,81.7
3176,16518,Urmila Krishnan,87.3
3177,16519,Neeraja Rajendran,72.89
3178,16521,Theeppetti Ganesh,79.68
3179,16522,Jagan Reju,79.68
3180,16523,Hanzil Hyderali,79.68
3181,16524,Justin Vandenbrink,79.68
3182,16525,Joseph Chakola,79.68
3183,16526,Sajid,75.53
3184,16527,Sandeep Narayanan,74.62
3185,16529,Master Joel,49.5
3186,16530,Arumugam Alappuzha,49.5
3187,16531,Arundhathi B,69
3188,16532,Appukkutty,69
3189,16533,Sneha Unnikrishnan,78.72
3190,16534,Tanusree Kausal,71.25
3191,16535,Alexx O Nell,71.25
3192,16536,Rasika Dugal,75.33
3193,16537,Sidharth Rajendran,75.33
3194,16538,Elizabeth Thadikaran,81.78
3195,16539,Monika Thomas Puthuran,81.78
3196,16540,Muhsin Moozi,81.78
3197,16541,Sunil K Babu,81.78
3198,16542,Andrea Marian Renji,76.36
3199,16543,Manaal Sheeraz,80.84
3200,16544,Anagha LK,79.98
3201,16545,Vijayakumar Prabhakaran,80.84
3202,16546,Sasikala Nedungadi,80.84
3203,16547,Ann Benjamin,80.84
3204,16548,Fr. Bobby Jose Kattikad,80.84
3205,16549,Nakshathra Manoj,79.12
3206,16550,Abdulla Ayman,79.12
3207,16578,Malavika Sharma,66
3208,16579,S Saji,66
3209,16580,Melwyn Williams,66
3210,16581,Arzoo Govitrikar,87.4
3211,16582,Sucheta Khanna,87.4
3212,16586,Shilpi Sharma,58.48
3213,16587,Besant Ravi,71.18
3214,16591,Ananthapadmanabhan,93
3215,16593,Master Dhananjay,77.43
3216,16594,PD Namboothiri,55.2
3217,16595,Udayan Namboothiri,55.2
3218,16597,Eshwaranunni,55.2
3219,16598,Ashwini Ranga,55.2
3220,16599,Jennifer Ehle,83.6
3221,16600,John Standing,83.6
3222,16601,Leopold Benedict,83.6
3223,16602,Dr. Ambikathmajan,83.6
3224,16603,Ejji K. Umamahesh,83.6
3225,16616,Nithin Nagappan,61.92
3226,16617,Arathi Radhan,61.92
3227,16618,Dhanya Venugopal,61.92
3228,16619,Mustafa Desamangalam,61.92
3229,16620,Moideen Koya,91.2
3230,16621,Anand Bal,71.28
3231,16622,Jose P Raphel,71.28
3232,16623,Jain Paul,73.24
3233,16624,Praveen Kaattumaadom,71.28
3234,16625,Abu Valayamkodu,71.28
3235,16626,Valsala (New),71.28
3236,16627,Chandran (New),71.28
3237,16628,Rejani,71.28
3238,16629,Girija (1),71.28
3239,16634,Master Jonah Jijo,82.65
3240,16635,Meenu Reshma,82.65
